2799.00,2022-09-25,微星（MSI）魔龙Z GeForce RTX 3060 GAMING Z TRIO 12G 超频版 旗舰款 电竞游戏设计专业电脑显卡,微星京东自营旗舰店
2549.00,2022-09-25,铭瑄（MAXSUN） RTX 3060 电竞之心OC 12G超频版游戏显卡赛博朋克2077高性能独立显卡 铭瑄电竞之心OC12G,铭瑄官方旗舰店
3499.00,2022-09-25,技嘉 RTX 3060 /Ti GAMING/VISION OC 12G魔鹰白色雪鹰小雕游戏显卡TI-VISION-8G【雪鹰2.0】,技嘉旗舰店
2799.00,2022-09-25,七彩虹（Colorful）iGame GeForce RTX 3060 Customization OC 12G L 玩家定制游戏电竞显卡,七彩虹京东自营旗舰店
2899.00,2022-09-25,七彩虹（Colorful）iGame GeForce RTX 3060 Ultra W OC 12G L 1822MHz GDDR6电竞游戏光追电脑独立显卡,七彩虹京东自营旗舰店
2999.00,2022-09-25,七彩虹（Colorful) iGame GeForce RTX 3060 Advanced OC 12G L 1867MHz GDDR6电竞游戏光追电脑独立显卡,七彩虹京东自营旗舰店
2299.00,2022-09-25,磐镭 1650/2060/2070/2080s/ 3060 ti/3070/3080台式机专业游戏显卡 rtx2070super 8g,磐镭数码官方旗舰店
2999.00,2022-09-25,华硕 ASUS TUF  GeForce RTX 3060 -O12G-V2-GAMING  电竞游戏专业独立显卡,华硕京东自营旗舰店
3599.00,2022-09-25,七彩虹（Colorful）iGame GeForce RTX 3060 Ti Ultra W OC 8G LHR 1770MHz 电竞游戏光追设计专业白色显卡,七彩虹京东自营旗舰店
2689.00,2022-09-25,微星（MSI）万图师 GeForce RTX 3060 VENTUS 2X 12G OC 超频版 双风扇 电竞游戏设计专业电脑显卡,微星京东自营旗舰店
2699.00,2022-09-25,铭瑄（MAXSUN）MS-GeForce RTX 3060 iCraft OC 12G  电竞之心超频版游戏显卡 赛博朋克2077,铭瑄京东自营旗舰店
3199.00,2022-09-25,铭瑄（MAXSUN） RTX 3060 TI电竞之心8G三风扇高端台式直播电脑游戏全新独立超频显卡 RTXTI iCraft OC 8G 瑷珈,铭瑄电脑配件京东自营旗舰店
3099.00,2022-09-25,微星（MSI） 微星 RTX 3060 Ti魔龙 电竞游戏显卡台式机独显赛博朋克2077锁算力 【RTX-魔龙Z-TRIO-LHR】,微星显卡外设旗舰店
3399.00,2022-09-25,微星（MSI）魔龙 GeForce RTX 3060 Ti GAMING X 8G LHR 超频版 旗舰款 电竞游戏设计专业电脑显卡,微星京东自营旗舰店
2799.00,2022-09-25,七彩虹（Colorful） RTX 3060 系列RTX电竞游戏电脑独立显卡12G显卡 RTXUltra W OC LHR,瑞达中腾官方旗舰店
2499.00,2022-09-25,铭瑄（MAXSUN） RTX 3060 电竞之心OC 12G超频版游戏显卡赛博朋克2077高性能独立显卡 铭瑄终结者12G,铭瑄官方旗舰店
3199.00,2022-09-25,微星（MSI）万图师 GeForce RTX 3060 Ti VENTUS 2X 8G OCV1 LHR 超频版 双风扇 电竞游戏设计专业电脑显卡,微星京东自营旗舰店
1599.00,2022-09-25,华硕微星索泰 影驰七彩虹RTX 3060 TI电竞游戏设计专业独立永劫无间LHR显卡二手显卡 七彩虹RTX-12G三风扇战斧 95新,晶瑞二手电脑专营店
8699.00,2022-09-25,微星msi神枪手15（限量版）12代酷睿i7-12700H游戏本笔记本电脑（ 15.6英寸RTX 3060 16G 512GB 2.5K 165Hz）,微星游戏本京东自营官方旗舰店
6799.00,2022-09-25,华硕天选2 15.6英寸游戏笔记本电脑(新锐龙 7nm 8核R7-5800H 16G 512G RTX 3060 144Hz 100%sRGB高色域)青,华硕京东自营官方旗舰店
3599.00,2022-09-25,微星（MSI）魔龙Z GeForce RTX 3060 Ti GAMING Z TRIO 8G LHR 超频版 旗舰款 电竞游戏设计专业电脑显卡,微星京东自营旗舰店
2599.00,2022-09-25,铭瑄（MAXSUN）MS-GeForce RTX 3060 终结者 12G 电竞游戏设计智能学习电脑装机独立显卡,铭瑄京东自营旗舰店
3239.00,2022-09-25,铭瑄 (MAXSUN) MS-GeForce RTX 3060 Ti iCraft OC 8G GDDR6 电竞之心 电脑游戏/光追/人工智能/深度学习 显卡,铭瑄京东自营旗舰店
2599.00,2022-09-25,电竞叛客 AX 台式机电脑独立显卡RTX 3060 3070  N卡 电竞吃鸡游戏显卡 图形图像运算 RTXX2W 12G LHR,电竞叛客旗舰店
3599.00,2022-09-25,索泰（ZOTAC） RTX 3060 /RTXTi 天启OC 电竞游戏吃鸡显卡台式机独立显卡 RTXTi PGF GOC-X 8G,瑞达中腾官方旗舰店
1669.00,2022-09-25,华硕微星七彩虹RTX 3060 TI 8 12G有锁无锁版 电竞设计专业独立永劫无间LHR显卡二手显卡 七彩虹RTX-12G三风扇战斧锁 95新 95新,腾卓二手电脑专营店
2969.00,2022-09-25,七彩虹（Colorful） iGame RTX 3060 AD W OC 12G白色 电竞游戏电脑显卡 RTXUltra W OC  L锁,七彩虹旗舰店
1669.00,2022-09-25,华硕微星七彩虹RTX 3060 TI 8 12G 电竞游戏设计独立永劫无间LHR显卡二手显卡 七彩虹RTXAD 99新,小锋二手电脑配件专营店
2599.00,2022-09-25,电竞叛客 AX 台式机电脑独立显卡RTX 3060 12G 图形图像设计专业运算电竞吃鸡游戏光追显卡 RTXX2 W LHR,电竞叛客旗舰店
3199.00,2022-09-25,铭瑄（MAXSUN） RTX 3060 TI iCraft电竞之心8G电脑电竞游戏独立台式显卡独显TI电竞之心OC8G瑷珈限定,铭瑄官方旗舰店
3499.00,2022-09-25,技嘉 RTX 3060 /Ti GAMING/VISION OC 12G魔鹰白色雪鹰小雕游戏显卡TI-VISION-8G【雪鹰2.0】,技嘉旗舰店
3099.00,2022-09-25,铭瑄（MAXSUN） RTX 3060 TI电竞之心8G三风扇高端台式直播电脑游戏全新独立超频显卡 RTXTi iCraft 8G,铭瑄电脑配件京东自营旗舰店
7999.00,2022-09-25,华硕天选3 锐龙版15.6英寸游戏本笔记本电脑(R7-6800H 16G 512G RTX 3060 144Hz 100%sRGB高色域电竞屏)青,华硕京东自营官方旗舰店
1549.00,2022-09-25,华硕七彩虹影驰技嘉 拆机英伟达RTX 3060 Ti 无锁吃鸡游设计专业显卡 畅爽体验二手显卡 随机速发95新,腾卓二手电脑专营店
8399.00,2022-09-25,联想笔记本电脑 拯救者R9000P 16英寸高性能电竞游戏本(标压 8核 R7-5800H 16G 512G RTX 3060 2.5k屏 165Hz),联想京东自营旗舰店
1549.00,2022-09-25,华硕 微星 技嘉 七彩虹 索泰 影驰 RTX 3060 12G台式机电脑游戏独立显卡二手显卡 万丽RTX12G双风扇 95新,游卡一族二手显卡专营店
3499.00,2022-09-25,技嘉（GIGABYTE） RTX 3060 Ti显卡Ti8G电竞游戏独立电脑显卡 RTXTi 雪鹰 OC 2.0,瑞达中腾官方旗舰店
6388.00,2022-09-25,神舟（HASEE） 战神Z7/Z8/T8 RTX3050/ 3060 满血独显游戏本学生办公笔记本电脑 Z8-TA5电竞版 i5/16/512G/官方授权 两年质保,神舟电脑专卖店
6999.00,2022-09-25,机械革命(MECHREVO)Umi Pro3 高性能电竞轻薄设计游戏笔记本电脑（i7-11800H 16G 512G RTX 3060 165HZ 2.5K）,机械革命京东自营官方旗舰店
3599.00,2022-09-25,七彩虹（Colorful） iGame RTX3050 3060 ti OC AD 8G电竞游戏显卡 战斧 RTXTi DUO V2 L 显卡,七彩虹旗舰店
2249.00,2022-09-25,七彩虹（Colorful） iGame RTX3050 3060 ti OC AD 8G电竞游戏显卡 RTX 3050 Ultra W OC 8G 显卡,七彩虹旗舰店
2499.00,2022-09-25,铭瑄（MAXSUN） RTX 3060 电竞之心12G超频设计智能学习电竞游戏光追超频OC独立显卡 RTX终结者 12G,铭瑄电脑配件京东自营旗舰店
8499.00,2022-09-25,惠普（HP） 暗影精灵8Pro 暗夜精灵12代酷睿满血显卡高性能高颜值官方电竞高端游戏本笔记本电脑 R7-6800H 满血 3060 2K+165Hz 【定制升级】16G内存 1000G PCIE固态硬,惠普宇熙世纪专卖店
5499.00,2022-09-25,玩家战神 RTX 3060 笔记本电脑游戏本12代酷睿独显i7满血版高端轻薄本高性能大屏电竞学生力荐 10代酷睿i5/RTX满血/165Hz高刷 8G内存/512G PCI-E固态硬盘,玩家战神笔记本官方旗舰店
2469.00,2022-09-25,华硕微星七彩虹RTX 3060 TI 8 12G 电竞游戏设计独立永劫无间LHR显卡二手显卡 七彩虹RTXTI 99新,小锋二手电脑配件专营店
8999.00,2022-09-25,ROG魔霸新锐2022 15.6英寸2.5K 165Hz游戏本笔记本电脑(R9-6900HX  液金导热 16G 512G RTX 3060 140W),玩家国度ROG京东自营官方旗舰店
3199.00,2022-09-25,盈通（yeston）GeForce RTX 3060 Ti  8G D6 六道兵甲 光追电竞游戏显卡,盈通显卡京东自营旗舰店
3099.00,2022-09-25,七彩虹（Colorful） iGame RTX3050 3060 ti OC AD 8G电竞游戏显卡 RTXAdvanced  OC L 显卡,七彩虹旗舰店
3099.00,2022-09-25,微星（MSI） 微星 RTX 3060 Ti魔龙 电竞游戏显卡台式机独显赛博朋克2077锁算力 【RTX-魔龙Z-TRIO-LHR】,微星显卡外设旗舰店
2499.00,2022-09-25,昂达（ONDA）RTX 3060 神盾12GD6  12GB大显存GDDR6 PCI-E 4.0 电竞游戏设计专业电脑 显卡,昂达（ONDA）京东自营旗舰店
1499.00,2022-09-25,昂达（ONDA） RTX 3060 神盾系列显卡 电竞游戏专业设计直播电脑独立显卡 【GTX1660Super】神盾6G,卡姆利旗舰店
5799.00,2022-09-25,七彩虹（COLORFUL） 元气12400F/GTX1650/ 3060 永劫无间游戏台式DIY电脑主机L+12400F+512G+16G性能霸主,Colorfire旗舰店
2899.00,2022-09-25,索泰（ZOTAC） RTX 3060 /RTXTi 天启OC 电竞游戏吃鸡显卡台式机独立显卡 RTX天启 GOC-X 12G升PGF,瑞达中腾官方旗舰店
2599.00,2022-09-25,耕升（GAINWARD） RTX 3060 /TI 电脑游戏独立显卡 RTXDUG,耕升旗舰店
8699.00,2022-09-25,微星msi神枪手15（限量版）12代酷睿i7-12700H游戏本笔记本电脑（ 15.6英寸RTX 3060 16G 512GB 2.5K 165Hz）,微星游戏本京东自营官方旗舰店
1699.00,2022-09-25,华硕微星影驰RTX 3060 3070 3080 3090无锁永劫无游戏设计专业显卡 二手显卡95新 技嘉RTX12G,乐豪二手电脑配件专营店
7299.00,2022-09-25,机械革命（MECHREVO） 蛟龙5 满血 3060 游戏本 高刷新办公游戏笔记本电脑 R7-5800H/16G/512G【电竞主流】-6G独显直连/130W满血功耗,机械革命栋雄专卖店
2699.00,2022-09-25,磐镭 RTX 3060 /TI 显卡 GDDR6台式机独立显卡 办公游戏/图形设计/专业电脑独显 【RTX-12G】主流游戏/性价比优选,磐镭电脑组件京东自营旗舰店
7199.00,2022-09-25,"机械革命蛟龙5增强版 2022款游戏笔记本电脑 满血 3060 高性能独显直连 高刷电竞屏 旗舰店 15.6"" R5 16G 512G满血版",机械革命游戏本京东自营旗舰店
2599.00,2022-09-25,微星（MSI）GeForce RTX 3060 AERO ITX 12G OC 电脑独立电竞游戏显卡 ITX小卡,微星京东自营旗舰店
6288.00,2022-09-25,RTX 3060 独显+1TB固态+酷睿i5-11400,神舟大本航专卖店
2899.00,2022-09-25,技嘉魔鹰 GIGABYTE GeForce RTX 3060 GAMING OC 12G 2.0版本电竞游戏设计智能学习电脑独立显卡支持4K,技嘉京东自营官方旗舰店
2699.00,2022-09-25,盈通（yeston）GeForce RTX 3060 -12G D6 六道兵甲 1320-1777MHz 电竞游戏光追独立显卡,盈通显卡京东自营旗舰店
2969.00,2022-09-25,七彩虹（Colorful） iGame RTX3050 3060 ti OC AD 8G电竞游戏显卡 RTXUltra W OC  L锁 显卡,七彩虹旗舰店
3699.00,2022-09-25,华硕 ASUS TUF  GeForce  RTX 3060 Ti-O8G-V2-GAMING 电竞游戏专业独立显卡,华硕京东自营旗舰店
2849.00,2022-09-25,七彩虹（Colorful）iGame GeForce RTX 3060 Mini OC 12G L 1792MHz 简约小巧ITX小机箱游戏显卡,七彩虹京东自营旗舰店
8999.00,2022-09-25,惠普(HP)暗影精灵8Pro 16.1英寸游戏笔记本电脑(12代酷睿i7-12700H RTX 3060 6G独显 16GDDR5 512G 144Hz),惠普（HP）OMEN暗影精灵京东自营旗舰店
2899.00,2022-09-25,华硕 ASUS ATS  GeForce RTX 3060 -O12G-GAMING  巨齿鲨系列电竞游戏专业独立显卡,华硕京东自营旗舰店
3499.00,2022-09-25,技嘉魔鹰GeForce RTX 3060 Ti GAMING OC 8G LHR电竞游戏设计智能学习电脑独立显卡,技嘉京东自营官方旗舰店
2889.00,2022-09-25,华硕 ASUS DUAL  GeForce RTX 3060 -O12G-V2 电竞游戏专业独立显卡,华硕京东自营旗舰店
2749.00,2022-09-25,七彩虹（Colorful） iGame RTX3050 3060 ti OC AD 8G电竞游戏显卡 战斧RTXDUO 12G V2 L 显卡,七彩虹旗舰店
2999.00,2022-09-25,技嘉雪鹰（GIGABYTE）GeForce RTX 3060 VISION OC 12G 2.0版本竞游戏设计智能学习电脑独立显卡,技嘉京东自营官方旗舰店
2999.00,2022-09-25,耕升（GAINWARD） RTX 3060 Ti 显卡电脑台式机显卡 游戏电竞DIY组装机兼容机显卡 耕升Ti G全新无拆,创亿宏业办公专营店
3499.00,2022-09-25,铭瑄（MAXSUN） RTX 3060 TI电竞之心8G三风扇高端台式直播电脑游戏全新独立超频显卡 RTXTi终结者8G,铭瑄电脑配件京东自营旗舰店
2649.00,2022-09-25,盈通（yeston）GeForce RTX 3060 -12G D6 萌宠 1320-1777MHz 电竞游戏光追独立显卡,盈通显卡京东自营旗舰店
2999.00,2022-09-25,微星（MSI） RTX2060 3060 Ti魔龙万图师电竞游戏专业设计直播台式电脑独立显卡 RTX万图师2X OC 12G LHR,微星电脑硬件旗舰店
3299.00,2022-09-25,技嘉风魔GeForce RTX 3060 Ti WindForce OC 8G 电竞游戏设计智能学习电脑独立显卡,技嘉京东自营官方旗舰店
2949.00,2022-09-25,七彩虹（Colorful） iGame RTX3050 3060 ti OC AD 8G电竞游戏显卡 战斧RTX12G 豪华版L 显卡,七彩虹旗舰店
3299.00,2022-09-25,铭鑫（MINGXIN） RTX 3060 TI 炫彩版 游戏/电竞/AI/深度学习/光追/升级/独立显卡 RTXTi 8GBD6-双风扇,铭鑫官方旗舰店
2949.00,2022-09-25,七彩虹（Colorful） RTX 3060 Ti 火神 Ultra W白 永劫无间游戏电竞显卡 【-12G】AD OC 支持个人送保,七彩虹汇涓海专卖店
2549.00,2022-09-25,铭瑄（MAXSUN） RTX 3060 电竞之心12G超频设计智能学习电竞游戏光追超频OC独立显卡 RTXiCraft OC 12G,铭瑄电脑配件京东自营旗舰店
2299.00,2022-09-25,技嘉（GIGABYTE） RTX2060/3050/ 3060 12G/6G/8G显卡台式电脑游戏独显 3050 8G魔鹰+550W电源,技嘉旗舰店
2799.00,2022-09-25,耕升（GAINWARD）GeForce RTX 3060 追风 EXG RGB 12GB,耕升（GAINWARD）京东自营旗舰店
3099.00,2022-09-25,技嘉小雕（GIGABYTE）AORUS GeForce RTX 3060 ELITE 12G 2.0版本竞游戏设计智能学习电脑独立显卡,技嘉京东自营官方旗舰店
7199.00,2022-09-25,机械革命（MECHREVO） 极光Pro/蛟龙5满血 3060 电竞游戏本Z3Pro轻薄设计笔记本电脑 Z3Pro/六核i5/-130W满血/2K 官方标配：16G 512G PCIE高速固态,机械革命授权专卖店
2049.00,2022-09-25,技嘉（GIGABYTE） RTX2060/3050/ 3060 12G/6G/8G显卡台式电脑游戏独显 3050 GAMING OC 8G【魔鹰】,技嘉旗舰店
2749.00,2022-09-25,镭风（Colorfire）GeForce RTX 3060 清凉薄荷 OC 12G L 1777Mhz电竞游戏独立显卡（七彩虹旗下子品牌）,镭风（Colorfire）京东自营旗舰店
3199.00,2022-09-25,铭瑄 (MAXSUN) MS-GeForce RTX 3060 Ti 终结者 8G GDDR6  电脑游戏/电竞/光追/人工智能/深度学习 显卡,铭瑄京东自营旗舰店
3149.00,2022-09-25,盈通（yeston）GeForce RTX 3060 Ti -8G D6 大地之神 电竞游戏光追专业独立显卡,盈通显卡京东自营旗舰店
3399.00,2022-09-25,铭瑄（MAXSUN） RTX 3060 TI iCraft电竞之心8G电脑电竞游戏独立台式显卡独显TI终结者8G,铭瑄官方旗舰店
8999.00,2022-09-25,惠普(HP)暗影精灵8Pro 16.1英寸游戏笔记本电脑(12代酷睿i7-12700H RTX 3060 6G独显 16GDDR5 512G 144Hz),惠普（HP）OMEN暗影精灵京东自营旗舰店
3599.00,2022-09-25,索泰（ZOTAC） RTX 3060 /RTXTi 天启OC 电竞游戏吃鸡显卡台式机独立显卡 RTXTi PGF GOC-X 8G,瑞达中腾官方旗舰店
2049.00,2022-09-25,七彩虹（Colorful） iGame RTX3050 3060 ti OC AD 8G电竞游戏显卡 RTX 3050 DUO 8G 战斧 显卡,七彩虹旗舰店
2999.00,2022-09-25,影驰 RTX 3060 系列 N卡nvidia芯片电竞台式机吃鸡游戏显卡 RTX金属大师FG,胖虫官方旗舰店
2799.00,2022-09-25,影驰 RTX 3060 显卡RTXTi高端台式机电脑电竞游戏吃鸡独立显卡RTX3070光线追踪 RTX金属大师MAX OC  FG,台通电脑DIY专营店
2999.00,2022-09-25,影驰 RTX 3060 系列 N卡nvidia芯片电竞台式机吃鸡游戏显卡 RTX大将FG,胖虫官方旗舰店
3299.00,2022-09-25,铭鑫（MINGXIN） RTX 3060 TI 炫彩版 游戏/电竞/AI/深度学习/光追/升级/独立显卡 RTXTi 8GBD6-双风扇,铭鑫官方旗舰店
2799.00,2022-09-25,七彩虹（Colorful） iGame GeForce RTX 3060 电竞游戏光追电脑独立显卡Ultra W OC LHR 锁算力,华之硕电脑专营店
2749.00,2022-09-25,镭风（Colorfire） RTX 3060 元气OCti清凉薄荷OC台式电脑电竞游戏显卡 RTX元气 OC L,Colorfire旗舰店
5799.00,2022-09-25,玩家战神 RTX 3060 笔记本电脑游戏本12代酷睿独显i7满血版高端轻薄本高性能大屏电竞学生力荐 10代酷睿i5/RTX满血/165Hz高刷 16G内存/512G PCI-E固态硬盘,玩家战神笔记本官方旗舰店
2999.00,2022-09-25,影驰 RTX 3060 系列 N卡nvidia芯片电竞台式机吃鸡游戏显卡 RTX星曜FG,胖虫官方旗舰店
6099.00,2022-09-25,神舟(HASEE)战神Z8-TA5NS 新11代酷睿i5-11260H RTX 3060 6G 15.6英寸144Hz游戏笔记本电脑(16G 512G SSD IPS),神舟电脑京东自营旗舰店
7199.00,2022-09-25,机械革命（MECHREVO） 极光Pro/蛟龙5满血 3060 电竞游戏本Z3Pro轻薄设计笔记本电脑 Z3Pro/六核i5/-130W满血/2K 官方标配：16G 512G PCIE高速固态,机械革命授权专卖店
7499.00,2022-09-25,"机械革命蛟龙5增强版 2022款游戏笔记本电脑 满血 3060 高性能独显直连 高刷电竞屏 旗舰店 15.6"" R7 16G 512G满血版",机械革命游戏本京东自营旗舰店
1699.00,2022-09-25,华硕七彩虹影驰技嘉 拆机英伟达RTX 3060 Ti 无锁吃鸡游设计专业显卡 畅爽体验二手显卡 七彩虹RTX-12G 95新,腾卓二手电脑专营店
5399.00,2022-09-25,神舟（HASEE） 战神Z7/Z8/T8 RTX3050/ 3060 满血独显游戏本学生办公笔记本电脑 Z7-TA5升级版 i5/16G/512/3050 官方授权 两年质保,神舟电脑专卖店
2069.00,2022-09-25,华硕微星七彩虹RTX 3060 TI 8 12G 电竞游戏设计独立永劫无间LHR显卡二手显卡 Rog RTX猛禽 99新,小锋二手电脑配件专营店
7099.00,2022-09-25,七彩虹（Colorful） 将星X15 游戏笔记本电脑15.6英寸专业IPS电竞屏12代酷睿学生设计 蓝i5-12500H 16G 512G官标 满血RTX 3060 -6G电竞独显,七彩虹Colorful旗舰店
2338.00,2022-09-25,七 彩 虹1650S\/1660RTX2060\/3050\/ 3060 ti官方旗舰 红色,漾姮电脑办公专营店
2899.00,2022-09-25,网易严选GeForce RTX 3060 /3070/TI 12g/8g显存 网易永劫无间联名游戏显卡 RTX12G豪华版,网易严选官方旗舰店
2899.00,2022-09-25,技嘉猎鹰 GIGABYTE GeForce RTX 3060 EAGLE OC 12G 2.0 游戏显卡,技嘉京东自营官方旗舰店
5399.00,2022-09-25,玩家战神 RTX 3060 笔记本电脑游戏本12代酷睿独显i7满血版高端轻薄本高性能大屏电竞学生力荐 12代i5/GTX1650/144Hz刷新率 16G内存/512G PCI-E固态硬盘,玩家战神笔记本官方旗舰店
9099.00,2022-09-25,惠普（HP） 光影精灵8Pro 16.1英寸轻薄游戏暗影精灵144Hz12代酷睿ddr5笔记本电脑 【新12代i7】RTX 3060 +144Hz,惠普中国京东自营官方旗舰店
2899.00,2022-09-25,网易严选 显卡 GeForce RTX 3060 12G  网易永劫无间显卡 超强散热电脑游戏显卡 GeForce RTX12G,网易严选官方旗舰店
3999.00,2022-09-25,索泰（ZOTAC） RTX 3060 /Ti 天启PGF电竞游戏电脑独立显卡专业Ti 天启 GOC-X免费升级PGF,腾飞电脑配件专营店
3099.00,2022-09-25,耕升（GAINWARD） RTX 3060 /TI 电脑游戏独立显卡 RTXTi G,耕升旗舰店
2699.00,2022-09-25,梅捷（SOYO）SY-GeForce RTX 3060 燚龙 12G 电竞游戏/设计/光追/人工智能/深度学习 电脑独立显卡,梅捷（SOYO）京东自营旗舰店
7499.00,2022-09-25,华硕（ASUS） 天选2 锐龙版笔记本电脑3 15.6英寸独显高色域电竞游戏学生吃鸡办公轻薄 青 R7-5800H RTX 3060 144Hz 标配 16G/512G固态,好易迪旗舰店
2469.00,2022-09-25,盈通（yeston） RTX 3060 12GB GDDR6 台式机电脑电竞游戏显卡 RTX12G D6 大地之神,yeston盈通旗舰店
3099.00,2022-09-25,技嘉 RTX 3060 /Ti GAMING/VISION OC 12G魔鹰白色雪鹰小雕游戏显卡AORUS E 12G【小雕2.0】,技嘉旗舰店
7799.00,2022-09-25,小米游戏本Redmi G Pro 2022锐龙版2.5K-240Hz电竞屏红米G游戏设计笔记本电脑 R7-6800H光追RTX 3060 -6G 【官方标配】16G+512G PCIe高速固态 16英寸,小米官方授权专卖店
2899.00,2022-09-25,七彩虹（Colorful） RTX 3060 /Ti 火神/白色 Ultra W 电竞游戏电脑显卡 RTXUltra OC W L 【支持个人送保】,邻竞官方旗舰店
1499.00,2022-09-25,影驰 RTX 3060 显卡RTXTi高端台式机电脑电竞游戏吃鸡独立显卡RTX3070光线追踪 GTX1660 SUPER 大将OC,台通电脑DIY专营店
5099.00,2022-09-25,玩家战神 RTX 3060 笔记本电脑游戏本12代酷睿独显i7满血版高端轻薄本高性能大屏电竞学生力荐 12代i5/GTX1650/144Hz刷新率 8G内存/512G PCI-E固态硬盘,玩家战神笔记本官方旗舰店
3299.00,2022-09-25,镭风（Colorfire） GeForce RTX 3060 Ti 清凉薄荷 OC LHR 8G 1665Mhz电竞游戏独立显卡（七彩虹旗下子品牌）,镭风（Colorfire）京东自营旗舰店
8299.00,2022-09-25,机械革命新极光Pro 2022款 游戏笔记本电脑 新12代酷睿高性能轻薄电竞 MECHREVO旗舰店 新i7-12700H 3060 16G 512G 240Hz 2.5K电竞屏,机械革命游戏本京东自营旗舰店
6899.00,2022-09-25,华硕（ASUS） 天选2 AMD新锐龙八核15.6英寸游戏笔记本电脑IPS电竞屏吃鸡学生手提 3060 青丨R7-5800H丨RTX丨144Hz 16G内存丨512G固态,华硕儒硕专卖店
2899.00,2022-09-25,华硕（ASUS） RTX 3060 Ti\\\/系列显卡吃鸡电竞游戏显卡RTX显卡 ATS-RTX-012G-巨齿鲨LHR,瑞达中腾官方旗舰店
1949.00,2022-09-25,华硕（ASUS） RTX 3060 \/Ti\/1660S系列 电脑电竞游戏光追独立显卡 DUAL-RTX3050-8G,攀升DIY电脑旗舰店
6899.00,2022-09-25,机械革命Umi Pro\\极光E新款12代独显学生游戏本 15.6英寸高刷电竞笔记本电脑 极光E-i5-12450H/ 3060 /144Hz 【官方标配】16G/NVMe512G固态硬盘,机械革命博创福兴专卖店
6569.00,2022-09-25,玩家战神 RTX 3060 笔记本电脑游戏本12代酷睿独显i7满血版高端轻薄本高性能大屏电竞学生力荐 11代i7/满血/2.5K/165Hz高刷 16G内存/512G PCI-E固态硬盘,玩家战神笔记本官方旗舰店
1799.00,2022-09-25,华硕微星七彩虹 3060 /ti 3070/3080/3080ti 3090电竞游戏独立二手显卡 七彩虹 网驰  RTX电竞 12G,起航二手电脑专营店
6999.00,2022-09-25,雷神（ThundeRobot） 911PLUS 17.3英寸巨屏游戏笔记本电脑RTX 3060 光追显卡 i5-11260H/RTX/16G/512,Thunderobot雷神旗舰店
5999.00,2022-09-25,机械革命Umi Pro\\极光E新款12代独显学生游戏本 15.6英寸高刷电竞笔记本电脑 Z3 Pro-i5-11260H/ 3060 /144 【性价比款】8G/NVMe512G固态硬盘,机械革命博创福兴专卖店
2799.00,2022-09-25,华硕（ASUS） TUF/猛禽 RTX 3060 -O12G/RTXTI-O8G电竞游戏独立显卡 TUF-RTX-O12G-V2电竞特工 全国联保 官方质保,东扬电脑配件专营店
8499.00,2022-09-25,联想（Lenovo） 拯救者R9000P 新锐龙 16英寸 2.5K电竞全面屏游戏笔记本电脑 R7-5800H 16G 512G RTX 3060 ,联想京东自营官方旗舰店
2999.00,2022-09-25,华硕（ASUS） TUF-RTX 3060 -O12G-V2-GAMING 赛博朋克 电竞游戏独立显卡 TUF-RTX-O12G-V2单显卡,华硕电脑配件专卖店
7999.00,2022-09-25,微星（MSI） Stealth 15M游戏本 酷睿i7 笔记本电脑 15.6英寸144Hz电竞屏 灰色/i7-11375H/RTX 3060 16G内存/512G固态,微星电脑京东自营旗舰店
6799.00,2022-09-25,华硕天选2 15.6英寸游戏笔记本电脑(新锐龙 7nm 8核R7-5800H 16G 512G RTX 3060 144Hz 100%sRGB高色域)青,华硕京东自营官方旗舰店
6599.00,2022-09-25,机械革命（MECHREVO） 蛟龙5游戏本 全新锐龙八核R7 满血 3060 高刷新笔记本电脑 R5-5600H//144Hz高刷屏 高性价比：8G/512G PCIE,机械革命栋雄专卖店
2999.00,2022-09-25,华硕（ASUS） RTX 3060 Ti\\\/系列显卡吃鸡电竞游戏显卡RTX显卡 TUF-RTX-O12G【电竞特工】V2,瑞达中腾官方旗舰店
1719.00,2022-09-25,华硕七彩虹影驰技嘉 拆机英伟达RTX 3060 Ti 无锁吃鸡游设计专业显卡 畅爽体验二手显卡 华硕RTXTUF-Gaming 95新,腾卓二手电脑专营店
8799.00,2022-09-25,微星（MSI） Stealth 15M游戏本 酷睿i7 笔记本电脑 15.6英寸144Hz电竞屏 白色/i7-11375H/RTX 3060 16G内存/512G固态,微星电脑京东自营旗舰店
3599.00,2022-09-25,华硕（ASUS） 猛禽/TUF-RTX3070/3070ti/ 3060 TI吃鸡游戏台式机电脑独立显卡 ATS-RTXTI-O8G-GAMING,火山骑士电脑办公专营店
8499.00,2022-09-25,惠普（HP） 光影精灵8代【2022 3060 】12代酷睿游戏笔记本16.1英寸暗影暗夜学生电竞版 i5-12500H十二核【6G】电竞屏 标配：16G内存/512G固态 16.1英寸 黑色机身,惠普电脑授权专卖店
9999.00,2022-09-25,戴尔(DELL) 笔记本电脑 游匣G15 15.6英寸游戏本(新12代i7-12700H 16G 512G RTX 3060 240Hz )耀夜黑,戴尔京东自营官方旗舰店
6699.00,2022-09-25,火影 T5A RTX/ 3060 /100%色域/2.5K/165Hz高刷电竞屏游戏笔记本电脑 T5A:独显直连//16G/512/2K,火影游戏本旗舰店
7599.00,2022-09-25,机械师F117毒药 2K高端游戏本酷睿i7-11800H八核RTX 3060 独立显卡轻薄笔记本电脑 加强版16G/512G PCIE高速固态,MACHENIKE机械师旗舰店
2579.00,2022-09-25,华硕（ASUS） 华硕 TUF/巨齿鲨/猛禽ROG-RTX 3060 -12G 台式机电竞游戏独立显卡 DUAL-RTX-O12G-V2,华硕极客盟专卖店
7288.00,2022-09-25,机械革命（MECHREVO） 蛟龙5锐龙新品 3060 满血游戏本15.6英寸电竞笔记本电脑 R7-5800H 16G 512G 240Hz高刷 RTX-6G满血+独显直连,机械革命授权专卖店
8499.00,2022-09-25,惠普（HP） 光影精灵8代【2022 3060 】12代酷睿游戏笔记本16.1英寸暗影暗夜学生电竞版 i5-12500H十二核【6G】电竞屏 标配：16G内存/512G固态 16.1英寸 黑色机身,惠普电脑授权专卖店
3099.00,2022-09-25,影驰（Galaxy）GeForce RTX 3060 星曜 MAX OC[FG] 电竞专业游戏显卡,影驰京东自营旗舰店
3599.00,2022-09-25,影驰RTX 3060 Ti系列 N卡nvidia芯片电竞台式机吃鸡游戏显卡 RTXTi金属大师 FG,胖虫官方旗舰店
2066.00,2022-09-25,华硕七彩虹影驰技嘉 拆机英伟达RTX 3060 Ti 无锁吃鸡游设计专业显卡 畅爽体验二手显卡 华硕RTX猛禽 95新,腾卓二手电脑专营店
7499.00,2022-09-25,七彩虹（Colorful）将星X15-AT15.6英寸高性能电竞轻薄游戏笔记本电脑((i9-12900H RTX 3060 16G 512G 144Hz ),七彩虹（Colorful）电脑官方京东自营旗舰店
1699.00,2022-09-25,华硕微星影驰RTX 3060 3070 3080 3090无锁永劫无游戏设计专业显卡 二手显卡95新 七彩虹RTXAD 12G锁,乐豪二手电脑配件专营店
9699.00,2022-09-25,华硕（ASUS） 天选3 AMD锐龙版15.6英寸独显直连游戏本电竞吃鸡学生高性能笔记本电脑 灰丨R7-6800H丨 3060 丨144Hz 32G内存丨1T固态,华硕儒硕专卖店
2999.00,2022-09-25,技嘉（GIGABYTE） RTX 3060 显卡/12G电竞游戏独立电脑显卡 RTX魔鹰OC 12G 2.0【锁算力】,瑞达中腾官方旗舰店
1769.00,2022-09-25,华硕微星七彩虹RTX 3060 TI 8 12G 电竞游戏设计独立永劫无间LHR显卡二手显卡 微星RTX-12G双风扇 万图师 99新,小锋二手电脑配件专营店
2999.00,2022-09-25,技嘉（GIGABYTE） RTX 3060 显卡/12G电竞游戏独立电脑显卡 RTX雪鹰OC 12G 2.0【锁算力】,瑞达中腾官方旗舰店
2289.00,2022-09-25,华硕微星七彩虹RTX 3060 TI 8 12G有锁无锁版 电竞设计专业独立永劫无间LHR显卡二手显卡 七彩虹RTXTI 95新 95新,腾卓二手电脑专营店
2899.00,2022-09-25,七彩虹（Colorful） RTX 3060 /Ti Mini Ultra 白色 OC 超频电竞游戏显卡 RTXUltra W OC 12G L 【支持个人送保】,邻竞官方旗舰店
7999.00,2022-09-25,【官方旗舰】华硕天选3独显直连游戏本 3060 ,华硕硕金专卖店
2999.00,2022-09-25,技嘉 RTX 3060 /Ti GAMING/VISION OC 12G魔鹰白色雪鹰小雕游戏显卡VISION OC 12G【雪鹰2.0】,技嘉旗舰店
8299.00,2022-09-25,惠普(HP)暗影精灵8Pro 16.1英寸游戏笔记本电脑(12代酷睿i5-12500H RTX 3060 6G独显 16G 512GSSD 144Hz),惠普（HP）OMEN暗影精灵京东自营旗舰店
2899.00,2022-09-25,索泰（ZOTAC） RTX 3060 /RTXTi 天启OC 电竞游戏吃鸡显卡台式机独立显卡 RTXPGF XGOC  12G 锁,瑞达中腾官方旗舰店
3069.00,2022-09-25,盈通（yeston） RTX 3060 Ti 8GB GDDR6 台式机电脑独立游戏显卡 RTXTi 8G D6 六道兵甲,yeston盈通旗舰店
3999.00,2022-09-25,七彩虹（Colorful） RTX 3060 Ti系列RTXTi电竞游戏电脑显卡 RTXTi Vulcan火神OC LHR,瑞达中腾官方旗舰店
10599.00,2022-09-25,雷神（ThundeRobot） 【2022 3060 】Zero12代i9-12900H游戏本RTX【官方标配】16G/512G PCIe4.0,ThundeRobot雷神游戏本旗舰店
1999.00,2022-09-25,七彩虹（Colorful） RTX 3050 8G/RTX 3060 12G 电竞游戏电脑独立显卡 RTX3050 Ultra W DUO OC 8G 【支持个人送保】,邻竞官方旗舰店
2899.00,2022-09-25,索泰（ZOTAC） RTX 3060 系列TI显卡游戏电竞独立显卡RTX显卡 RTXPGF GOC 12G,瑞达中腾官方旗舰店
3297.00,2022-09-25,映众（Inno3D）RTX 3060 Ti 黑金至尊版LHR 8GB GDDR6 显卡/台式机/游戏/电竞/绘图/设计/AI/独立显卡,映众京东自营旗舰店
2849.00,2022-09-25,七彩虹（Colorful） RTX 3060 系列RTX电竞游戏电脑独立显卡12G显卡 RTXAD OC 12G LHR,瑞达中腾官方旗舰店
5499.00,2022-09-25,华硕（ASUS） I5 12400F/RTX 3060 Ti/华硕显卡游戏吃鸡独显台式DIY组装机全家桶 配置二：I5 12400F+RTX12G,朝朝旭海组装电脑旗舰店
7694.00,2022-09-25,七彩虹（Colorful） 将星X15-AT 2022款12代酷睿高性能轻薄高端电竞游戏本笔记本电脑 火爆 | 星耀灰i7-12700H/RTX 3060 16G内存/PCle 512G固态 官方标配,七彩虹笔记本旗舰店
2649.00,2022-09-25,七彩虹（Colorful） RTX 3060 系列RTX电竞游戏电脑独立显卡12G显卡 RTX战斧 DUO  12G L,瑞达中腾官方旗舰店
3499.00,2022-09-25,技嘉 RTX 3060 /Ti GAMING/VISION OC 12G魔鹰白色雪鹰小雕游戏显卡TI-VISION-8G【雪鹰2.0】,技嘉旗舰店
2799.00,2022-09-25,影驰 RTX 3060 系列 N卡nvidia芯片电竞台式机吃鸡游戏显卡 RTX金属大师 Mini [FG],胖虫官方旗舰店
1669.00,2022-09-25,华硕微星七彩虹RTX 3060 TI 8 12G 电竞游戏设计独立永劫无间LHR显卡二手显卡 索泰RTX99新,小锋二手电脑配件专营店
2599.00,2022-09-25,铭鑫（MINGXIN） RTX 3060 12GD6 炫彩版 电竞/游戏/台式机/升级/独显/流畅吃鸡 铭鑫视界风RTX12GBD6-双风扇,铭鑫官方旗舰店
7999.00,2022-09-25,【官方旗舰】华硕天选3独显直连游戏本 3060 ,华硕硕金专卖店
2839.00,2022-09-25,七彩虹（Colorful） 七彩虹RTX 3060 ti AD 3070ti /火神超频电竞游戏独立显卡 七彩虹RTXUltra W OC L,锐星电脑DIY旗舰店
6099.00,2022-09-25,神舟(HASEE)战神Z8-TA5NS 新11代酷睿i5-11260H RTX 3060 6G 15.6英寸144Hz游戏笔记本电脑(16G 512G SSD IPS),神舟电脑京东自营旗舰店
2499.00,2022-09-25,电竞叛客 AX RTX 3060 \/TI N卡 电竞专业游戏独立显卡 图形图像编辑 RTXX2 W LHR,腾飞电脑配件专营店
2599.00,2022-09-25,华硕（ASUS） 巨齿鲨ATS RTX 3060 /Ti O12G雪豹猛禽TUF电竞游戏吃鸡独立显卡8G 巨齿鲨ATS RTX-O12G,硕纬图数码专营店
2899.00,2022-09-25,AORUS RTX 3060 /Ti 12G 8G 显卡 魔鹰/雪鹰 吃鸡组装电脑游戏主机独显 【雪鹰2.0】VISION OC 12G,AORUS旗舰店
8499.00,2022-09-25,惠普（HP） 光影精灵8代【2022 3060 】12代酷睿游戏笔记本16.1英寸暗影暗夜学生电竞版 i5-12500H十二核【6G】电竞屏 标配：16G内存/512G固态 16.1英寸 黑色机身,惠普电脑授权专卖店
2799.00,2022-09-25,影驰 RTX 3060 /TI吃鸡GTA5奥德赛刺客信条电竞游戏电脑台式机独立显卡 RTX金属大师Mini FG锁算力,锐世界旗舰店
1599.00,2022-09-25,华硕技嘉微星七彩虹RTX 3060 TI-8G-12GLHR台式机组装机专业设计游戏95新二手显卡 拆机RTX-12G 95新,发烧DIY 二手电脑专营店
2499.00,2022-09-25,盈通（yeston） RTX 3060 /TI/3070花嫁 高端台式电脑主机电竞游戏独立显卡 RTX12G D6 萌宠 白色 小显卡 单显卡,星辰聚官方旗舰店
6788.00,2022-09-25,机械革命（MECHREVO） 蛟龙5锐龙新品 3060 满血游戏本15.6英寸电竞笔记本电脑 R5-5600H 16G 512G 144Hz高刷 RTX-6G满血+独显直连,机械革命授权专卖店
3999.00,2022-09-25,微星（MSI） RTX2060 3060 Ti魔龙万图师电竞游戏专业设计直播台式电脑独立显卡 RTXTi 魔龙Z TRIO 8G LHR,微星电脑硬件旗舰店
6999.00,2022-09-25,雷神（ThundeRobot） 911PLUS 17.3英寸巨屏游戏笔记本电脑RTX 3060 光追显卡 i5-11260H/RTX/16G/512,Thunderobot雷神旗舰店
6199.00,2022-09-25,酷睿i9八核〡15.6英寸11代i7金属笔记本电脑超轻薄本商务办公大学生便携领睿rtx 3060 游戏本 i9-9880H(八核超频)/GTX1650独显 512G固态硬盘 16G内存,领睿旗舰店
7999.00,2022-09-25,宏碁 暗影骑士·擎Pro 15.6英寸165Hz游戏笔记本电脑 DDS独显直连2.0(12代i5-12500H 16G-DDR5 512G RTX 3060 ),宏碁京东自营旗舰店
2699.00,2022-09-25,AORUS RTX 3060 /Ti 12G 8G 显卡 魔鹰/雪鹰 吃鸡组装电脑游戏主机独显 【风魔】WF2 12G,AORUS旗舰店
3099.00,2022-09-25,铭瑄（MAXSUN） RTX 3060 TI电竞之心8G三风扇高端台式直播电脑游戏全新独立超频显卡 RTXTi iCraft 8G,铭瑄电脑配件京东自营旗舰店
2699.00,2022-09-25,铭瑄（MAXSUN） 显卡RTX 3060 12G 电竞之心 游戏吃鸡独显电脑 台式机 RTXiCraft OC 电竞之心 12G,海晨数码专营店
8299.00,2022-09-25,宏碁（acer） 【12代 3060 】暗影骑士擎Pro/龙 2022轻刃 掠夺者战斧300 网课电竞游戏本 i9-11900H RTX满血 165Hz 电竞版：16G 512G固态硬盘,宏碁Acer硕和专卖店
3999.00,2022-09-25,微星（MSI） RTX2060 3060 Ti魔龙万图师电竞游戏专业设计直播台式电脑独立显卡 RTXTi 魔龙X 8G LHR,微星电脑硬件旗舰店
8199.00,2022-09-25,宏碁（acer） 暗影骑士·擎笔记本电脑 15.6英寸电竞屏512G硬盘高色域游戏本独立显卡 新i5-12500H|RTX 3060 |6G独显,宏碁电脑京东自营旗舰店
6599.00,2022-09-25,机械革命（MECHREVO） 蛟龙5游戏本 全新锐龙八核R7 满血 3060 高刷新笔记本电脑 R5-5600H//144Hz高刷屏 高性价比：8G/512G PCIE,机械革命栋雄专卖店
8999.00,2022-09-25,宏碁 暗影骑士·擎Pro 15.6英寸2.5K屏游戏笔记本电脑 DDS独显直连2.0(12代i9-12900H 16G-DDR5 512G RTX 3060 ),宏碁京东自营旗舰店
2799.00,2022-09-25,镭风（Colorfire） RTX 3060 元气OCti清凉薄荷OC台式电脑电竞游戏显卡 RTX清凉薄荷 OC L,Colorfire旗舰店
7694.00,2022-09-25,七彩虹（Colorful） 将星X15-AT 2022款12代酷睿高性能轻薄高端电竞游戏本笔记本电脑 火爆 | 星耀灰i7-12700H/RTX 3060 16G内存/PCle 512G固态 官方标配,七彩虹笔记本旗舰店
2949.00,2022-09-25,七彩虹（Colorful） iGame RTX3050 3060 ti OC AD 8G电竞游戏显卡 战斧RTX12G 豪华版L 显卡,七彩虹旗舰店
3297.00,2022-09-25,映众（Inno3D）RTX 3060 Ti 黑金至尊版LHR 8GB GDDR6 显卡/台式机/游戏/电竞/绘图/设计/AI/独立显卡,映众京东自营旗舰店
3239.00,2022-09-25,铭瑄 (MAXSUN) MS-GeForce RTX 3060 Ti iCraft OC 8G GDDR6 电竞之心 电脑游戏/光追/人工智能/深度学习 显卡,铭瑄京东自营旗舰店
3999.00,2022-09-25,影驰（Galaxy）GeForce RTX 3060 Ti 金属大师 OC[FG] N卡/电竞专业游戏显卡,影驰京东自营旗舰店
3099.00,2022-09-25,影驰（Galaxy）GeForce RTX 3060 星曜 MAX OC[FG] 电竞专业游戏显卡,影驰京东自营旗舰店
8299.00,2022-09-25,宏碁（acer） 【12代 3060 】暗影骑士擎Pro/龙 2022轻刃 掠夺者战斧300 网课电竞游戏本 i9-11900H RTX满血 165Hz 电竞版：16G 512G固态硬盘,宏碁Acer硕和专卖店
1499.00,2022-09-25,昂达（ONDA） RTX 3060 神盾系列显卡 电竞游戏专业设计直播电脑独立显卡 【GTX1660Super】神盾6G,卡姆利旗舰店
3399.00,2022-09-25,微星（MSI） RTX2060 3060 Ti魔龙万图师电竞游戏专业设计直播台式电脑独立显卡 RTX魔龙Z TRIO+650W电源,微星电脑硬件旗舰店
6999.00,2022-09-25,宏碁（acer） 宏基暗影骑士·龙 15.6英寸游戏炫彩键盘 电竞屏 网课笔记本电脑高色域8核电竞屏 R7-5800H丨RTX 3060 -6G 电竞版：16G内存+512固态,宏碁Acer硕和专卖店
3199.00,2022-09-25,铭瑄 (MAXSUN) MS-GeForce RTX 3060 Ti 终结者 8G GDDR6  电脑游戏/电竞/光追/人工智能/深度学习 显卡,铭瑄京东自营旗舰店
8299.00,2022-09-25,惠普(HP)暗影精灵8Pro 16.1英寸游戏笔记本电脑(12代酷睿i5-12500H RTX 3060 6G独显 16G 512GSSD 144Hz),惠普（HP）OMEN暗影精灵京东自营旗舰店
7694.00,2022-09-25,七彩虹（Colorful） 将星X15-AT 2022款12代酷睿高性能轻薄高端电竞游戏本笔记本电脑 火爆 | 星耀灰i7-12700H/RTX 3060 16G内存/PCle 512G固态 官方标配,七彩虹笔记本旗舰店
3649.00,2022-09-25,映众（Inno3D）RTX 3060 Ti 冰龙超级版LHR 8GB GDDR6 显卡/台式机/游戏/电竞/绘图/设计/AI/独立显卡,映众京东自营旗舰店
2799.00,2022-09-25,华硕（ASUS） TUF/猛禽 RTX 3060 -O12G/RTXTI-O8G电竞游戏独立显卡 TUF-RTX-O12G-V2电竞特工 全国联保 官方质保,东扬电脑配件专营店
1699.00,2022-09-25,华硕微星影驰RTX 3060 3070 3080 3090无锁永劫无游戏设计专业显卡 二手显卡95新 七彩虹RTXAD 12G锁,乐豪二手电脑配件专营店
3499.00,2022-09-25,铭瑄（MAXSUN） RTX 3060 TI电竞之心8G三风扇高端台式直播电脑游戏全新独立超频显卡 RTXTi终结者8G,铭瑄电脑配件京东自营旗舰店
3099.00,2022-09-25,技嘉小雕（GIGABYTE）AORUS GeForce RTX 3060 ELITE 12G 2.0版本竞游戏设计智能学习电脑独立显卡,技嘉京东自营官方旗舰店
7399.00,2022-09-25,【官方旗舰】华硕天选2高性能游戏本 3060 ,华硕硕金专卖店
3899.00,2022-09-25,影驰（Galaxy）GeForce RTX 3060 Ti 黑将 OC[FG] N卡/电竞专业游戏显卡,影驰京东自营旗舰店
3249.00,2022-09-25,镭风（Colorfire）GeForce RTX 3060 Ti 元气 OC LHR 8G 1665Mhz电竞游戏独立显卡（七彩虹旗下子品牌）,镭风（Colorfire）京东自营旗舰店
2849.00,2022-09-25,电竞叛客 AX 台式机电脑独立显卡RTX 3060 12G 图形图像设计专业运算电竞吃鸡游戏光追显卡X2 W L+鑫谷AN650W 冰山版,电竞叛客旗舰店
3349.00,2022-09-25,梅捷（SOYO）SY-GeForce RTX 3060 Ti 焱龙 8G  电竞游戏/设计/光追/人工智能/深度学习 电脑独立显卡,梅捷（SOYO）京东自营旗舰店
4299.00,2022-09-25,神舟（Hasee)战神笔记本电脑二手游戏本15.6英寸吃鸡设计i7独显6G学生轻薄本144HZ电竞屏 99新i5-10200 16G旗舰级RTX 3060 ,呱子二手笔记本电脑专营店
8899.00,2022-09-25,联想拯救者R9000P 电竞游戏笔记本电脑y RTX 3060 独显 八核新锐龙R7-5800H 16G内存 512G固态 标配版 16英寸 2.5K超高清｜165Hz专业电竞屏,联想华东授权专卖店
7599.00,2022-09-25,七彩虹（Colorful） 将星X15AT 12代酷睿 3060 满血15.6英寸电竞游戏笔记本电脑 少量现货：i7-12700H/RTX/灰色 16G/512GPCIe固态/官方标配,七彩虹游戏本旗舰店
3859.00,2022-09-25,映众（Inno3D）RTX 3060 Ti 黑金至尊版OC LHR 8GB GDDR6 显卡/台式机/游戏/电竞/绘图/设计/AI/独立显卡,映众京东自营旗舰店
9999.00,2022-09-25,宏碁（acer） 宏碁掠夺者战斧300游戏本 笔记本电脑 高色域学生 12代 i7/RTX 3060 满血/16G/512G,宏碁游戏本旗舰店
3999.00,2022-09-25,微星（MSI） 微星 RTX 3060 Ti魔龙 电竞游戏显卡台式机独显赛博朋克2077锁算力 【RTXTi-魔龙Z-TRIO-LHR】,微星显卡外设旗舰店
3499.00,2022-09-25,技嘉雪鹰 GIGABYTE GeForce RTX 3060 Ti VISION OC 8G LHR竞游戏设计智能学习电脑独立显卡,技嘉京东自营官方旗舰店
7499.00,2022-09-25,雷神（ThundeRobot） 911MT黑武士4 15.6英寸独显轻薄游戏设计师笔记本电脑 i5-11260H/ 3060 /16G/144HZ,雷神京东自营旗舰店
5499.00,2022-09-25,神舟（HASEE） 战神Z7M/Z7/Z8/T8系列 游戏笔记本电脑IPS电竞屏商务办公学生手提电脑 Z8-电竞版 i5/16G/512G/ 3060 独立显卡,神舟乐鼎专卖店
3399.00,2022-09-25,影驰（Galaxy）GeForce RTX 3060 TI 8G N卡电竞专业台式机电脑游戏显卡RTXTI星曜OC+鼠标垫套装,影驰京东自营旗舰店
3599.00,2022-09-25,七彩虹（Colorful） iGame RTX3050 3060 ti OC AD 8G电竞游戏显卡 战斧 RTXTi DUO V2 L 显卡,七彩虹旗舰店
2799.00,2022-09-25,影驰（Galaxy）GeForce RTX 3060 12G N卡电竞专业台式机电脑游戏显卡RTX金属大师MINI+黑将M.2 250G套装,影驰京东自营旗舰店
6569.00,2022-09-25,玩家战神 RTX 3060 笔记本电脑游戏本12代酷睿独显i7满血版高端轻薄本高性能大屏电竞学生力荐 11代i7/满血/2.5K/165Hz高刷 16G内存/512G PCI-E固态硬盘,玩家战神笔记本官方旗舰店
8999.00,2022-09-25,联想（Lenovo） 拯救者R9000P游戏笔记本电脑满血版 3060 电竞独显锐龙R7-5800H八核 16G内存 512G固态 标配版 16英寸专业电竞屏｜2.5K超清｜ 165Hz高刷,联想西南授权专卖店
4999.00,2022-09-25,影驰（Galaxy）GeForce RTX 3060 Ti GAMER OC[FG] 电竞专业游戏显卡,影驰京东自营旗舰店
10299.00,2022-09-25,联想（Lenovo） 拯救者Y9000P 2022新品12代酷睿i9-12900H独显游戏笔记本电脑 标配i9-12900H/16G/512G/ 3060 165Hz高刷新率 2.5K高色域屏,联想授权旗舰店
10899.00,2022-09-25,联想拯救者Y9000P 2022 16英寸游戏笔记本电脑(12代 i9-12900H 16G 512G RTX 3060 2.5k 165Hz高色域)冰魄白,联想京东自营旗舰店
1699.00,2022-09-25,华硕七彩虹微星影驰英伟达技嘉丽台3090 3060 ti定制3080 3070 2080二手显卡95新 七彩虹RTX12G 战斧,乐豪二手电脑配件专营店
2899.00,2022-09-25,NVIDIA 深度学习 GPU 显卡 人工智能 AI并行运算显卡 RTX3090 涡轮 显卡 （简包）RTX 3060 12GB涡轮显卡,云轩/Cloudhin旗舰店
10688.00,2022-09-25,联想（Lenovo） 拯救者R9000P2022电竞游戏笔记本电脑新标压锐龙R7-6800H八核 32G 512G 满功耗RTX 3060 升级版 16英寸专业电竞屏｜2.5K超清｜ 165Hz高刷,联想西南授权专卖店
6499.00,2022-09-25,雷神（ThundeRobot） 12代处理器高性能 3060 显卡设计师游戏电台式主机 12代性能款i5-12400++512G,雷神台式机官方旗舰店
2999.00,2022-09-25,七彩虹（COLORFUL） RTX 3050 ULTRA W OC 3060 AD OC电竞游戏显卡 RTXUltra W OC 12G,Colorfire旗舰店
1659.00,2022-09-25,华硕七彩虹影驰技嘉 拆机英伟达RTX 3060 Ti 无锁吃鸡游设计专业显卡 畅爽体验二手显卡 微星RTX-12G-万图师 95新,腾卓二手电脑专营店
1869.00,2022-09-25,华硕微星七彩虹RTX 3060 TI 8 12G 电竞游戏设计独立永劫无间LHR显卡二手显卡 微星RTX99新,小锋二手电脑配件专营店
6799.00,2022-09-25,神舟(HASEE)战神G8-TA7NP 17.3英寸游戏笔记本电脑(11代酷睿i7-11800H RTX 3060 6G 16G 512GSSD 144Hz高色域),神舟电脑京东自营旗舰店
11299.00,2022-09-25,联想（Lenovo） 拯救者Y9000P2022电竞游戏笔记本电脑12代酷睿i7-12700H十四核 32G 512G 满血RTX 3060 升级版 16英寸专业电竞屏｜2.5K超清｜165Hz高刷,联想西南授权专卖店
2899.00,2022-09-25,影驰 （Galaxy）GeForce RTX 3060 12G N卡\\\/电竞专业台式机电脑游戏显卡 RTX金属大师MAX OC（FG),影驰旗舰店
2799.00,2022-09-25,影驰 （Galaxy）GeForce RTX 3060 12G N卡\\\/电竞专业台式机电脑游戏显卡 RTX金属大师MINI(FG),影驰旗舰店
2358.00,2022-09-25,耕升 （GAINWARD）RTX 3060 ti DUG  台式电脑主机游戏设计师电脑显卡 RTXDUG 12G【游戏性价比】,硕展电脑专营店
2999.00,2022-09-25,技嘉新款RTX 3050 3060 3070Ti GAMING OC魔鹰台式机电脑游戏显卡2.0GAMING OC-12G【魔鹰2.0】,技嘉旗舰店
260.00,2022-09-25,【二手9成新】影驰2060 3060 多种显卡型号 光线追踪独立游戏显卡 租显卡白条出租 租赁显卡20天租金,快趣乐租二手商品专营店
5099.00,2022-09-25,神舟（HASEE） 战神Z7/Z8/T8 RTX3050/ 3060 满血独显游戏本学生办公笔记本电脑 Z7M-CU5升级版 i5/16/512/1650 官方授权 两年质保,神舟电脑专卖店
3699.00,2022-09-25,影驰RTX 3060 Ti系列 N卡nvidia芯片电竞台式机吃鸡游戏显卡 RTXTi星曜 FG,胖虫官方旗舰店
2099.00,2022-09-25,七彩虹（Colorful） iGame RTX3050 3060 ti OC AD 8G电竞游戏显卡 RTX 3050 Ultra W DUO OC 显卡,七彩虹旗舰店
7499.00,2022-09-25,宏碁(Acer)暗影骑士·龙 15.6/17.3英寸 高色域游戏笔记本电脑 AMD新锐龙独显游戏本 R7-5800H/16G/1T/ 3060 /17.3,宏碁电脑京东自营旗舰店
1799.00,2022-09-25,微星（MSI） RTX3050/ 3060 /3070/3080/3090全系列电竞游戏设计台式机显卡 RTX3050 VENTUS 2X 8G OC,宏安易达电脑配件专营店
1899.00,2022-09-25,华硕技嘉微星七彩虹RTX 3060 TI-8G-12GLHR台式机组装机专业设计游戏95新二手显卡 华硕TUF-RTX-12G,发烧DIY 二手电脑专营店
10999.00,2022-09-25,机械师曙光15 144Hz高端游戏本12代酷睿i9-12900H RTX 3060 独显笔记本电脑 尊享版64G/512G PCIE高速固态+2TB,MACHENIKE机械师旗舰店
6669.00,2022-09-25,玩家战神 RTX 3060 笔记本电脑游戏本12代酷睿独显i7满血版高端轻薄本高性能大屏电竞学生力荐 11代i7/满血/2.5K/165Hz高刷 8G内存/1024G PCI-E固态硬盘,玩家战神笔记本官方旗舰店
5699.00,2022-09-25,国行 满血版RTX 3060 游戏本酷睿i5笔记本电脑2022新款学生电竞吃鸡设计渲染品纯 i5-10200H/RTX16G运行内存 512GB固态硬盘 72%NTSC色域/144Hz高刷屏,品纯旗舰店
1689.00,2022-09-25,华硕微星七彩虹RTX 3060 TI 8 12G有锁无锁版 电竞设计专业独立永劫无间LHR显卡二手显卡 微星RTX-12G双风扇锁 95新 95新,腾卓二手电脑专营店
6699.00,2022-09-25,机械革命Umi Pro\\极光E新款12代独显学生游戏本 15.6英寸高刷电竞笔记本电脑 Z3 Pro-i5-11260H/ 3060 /144 【官方标配】16G/NVMe512G固态硬盘,机械革命博创福兴专卖店
6999.00,2022-09-25,未来人类-魔鬼鱼DR522 15.6英寸游戏笔记本电脑(i7-11800H 16G 512G PCIe SSD RTX 3060 144Hz NTSC72%高色域),未来人类游戏本京东自营旗舰店
2699.00,2022-09-28,七彩虹（Colorful）iGame GeForce RTX 3060 Customization OC 12G L 玩家定制游戏电竞显卡,七彩虹京东自营旗舰店
2799.00,2022-09-28,微星（MSI）魔龙Z GeForce RTX 3060 GAMING Z TRIO 12G 超频版 旗舰款 电竞游戏设计专业电脑显卡,微星京东自营旗舰店
6369.00,2022-09-28,武极 武神12代i5 12400F/RTX3050/ 3060 电竞游戏台式组装电脑主机整机DIY组装机 配置五：i5 12490F+RTXTi 单主机,武极电脑DIY旗舰店
2699.00,2022-09-28,微星（MSI）万图师 GeForce RTX 3060 VENTUS 2X 12G OC 超频版 双风扇 电竞游戏设计专业电脑显卡,微星京东自营旗舰店
2999.00,2022-09-28,华硕 ASUS TUF  GeForce RTX 3060 -O12G-V2-GAMING  电竞游戏专业独立显卡,华硕京东自营旗舰店
2899.00,2022-09-28,七彩虹（Colorful) iGame GeForce RTX 3060 Advanced OC 12G L 1867MHz GDDR6电竞游戏光追电脑独立显卡,七彩虹京东自营旗舰店
5499.00,2022-09-28,英伟达全新RTX3090 24G深度学习涡轮双宽显卡 3060 ,极算服务器专营店
2669.00,2022-09-28,铭瑄（MAXSUN） RTX 3060 电竞之心OC 12G超频版游戏显卡赛博朋克2077高性能独立显卡 铭瑄电竞之心OC12G,铭瑄官方旗舰店
1369.00,2022-09-28,磐镭 1650/2060/2070/2080s/ 3060 ti/3070/3080台式机专业游戏显卡 gtx1660super 6g,磐镭数码官方旗舰店
2499.00,2022-09-28,盈通（yeston）GeForce RTX 3060 -12G D6 大地之神 1320-1777MHz 电竞游戏光追独立显卡,盈通显卡京东自营旗舰店
3279.00,2022-09-28,铭瑄（MAXSUN） RTX 3060 TI iCraft电竞之心8G电脑电竞游戏独立台式显卡独显Ti电竞之心iCraft OC8G,铭瑄官方旗舰店
2899.00,2022-09-28,华硕 ASUS ATS  GeForce RTX 3060 -O12G-GAMING  巨齿鲨系列电竞游戏专业独立显卡,华硕京东自营旗舰店
3499.00,2022-09-28,七彩虹（Colorful）iGame GeForce RTX 3060 Ti Ultra W OC 8G LHR 1770MHz 电竞游戏光追设计专业白色显卡,七彩虹京东自营旗舰店
3379.00,2022-09-28,铭瑄（MAXSUN） RTX 3060 TI iCraft电竞之心8G电脑电竞游戏独立台式显卡独显TI电竞之心OC8G瑷珈限定,铭瑄官方旗舰店
9299.00,2022-09-28,ROG魔霸新锐2022 15.6英寸2.5K 165Hz游戏本笔记本电脑(R9-6900HX  液金导热 16G 512G RTX 3060 140W),玩家国度ROG京东自营官方旗舰店
7799.00,2022-09-28,华硕天选3 锐龙版15.6英寸游戏本笔记本电脑(R7-6800H 16G 512G RTX 3060 144Hz 100%sRGB高色域电竞屏)青,华硕京东自营官方旗舰店
7499.00,2022-09-28,雷神（ThundeRobot） 911MT黑武士4 15.6英寸独显轻薄游戏设计师笔记本电脑 i5-11260H/ 3060 /16G/144HZ,雷神京东自营旗舰店
2899.00,2022-09-28,影驰（Galaxy）GeForce RTX 3060 金属大师 MAX OC[FG] 12GB N卡/电竞专业游戏显卡,影驰京东自营旗舰店
3799.00,2022-09-28,七彩虹（Colorful） iGame RTX3050 3060 ti OC AD 8G电竞游戏显卡  RTXTi Ultra W白 LHR 锁 显卡,七彩虹旗舰店
1769.00,2022-09-28,华硕微星七彩虹RTX 3060 TI 8 12G 电竞游戏设计独立永劫无间LHR显卡二手显卡 微星RTX-12G双风扇 万图师 99新,小锋二手电脑配件专营店
2199.00,2022-09-28,华硕 微星 技嘉 索泰 影驰RTX 3060 TI 8G永劫无间游戏设计专业显卡 二手显卡 影驰RTXTI 8G金属大师 95新,游卡一族二手显卡专营店
1499.00,2022-09-28,昂达（ONDA） RTX 3060 神盾系列显卡 电竞游戏专业设计直播电脑独立显卡 【GTX1660Super】神盾6G,卡姆利旗舰店
3599.00,2022-09-28,微星（MSI）魔龙Z GeForce RTX 3060 Ti GAMING Z TRIO 8G LHR 超频版 旗舰款 电竞游戏设计专业电脑显卡,微星京东自营旗舰店
2699.00,2022-09-28,技嘉（GIGABYTE）风魔GeForce RTX 3060 WindForce OC 12G 电竞游戏设计智能学习电脑独立显卡,技嘉京东自营官方旗舰店
2799.00,2022-09-28,铭瑄（MAXSUN） RTX 3060 电竞之心12G超频设计智能学习电竞游戏光追超频OC独立显卡 RTX终结者 12G,铭瑄电脑配件京东自营旗舰店
1649.00,2022-09-28,华硕微星七彩虹RTX 3060 TI 8 12G有锁无锁版 电竞设计专业独立永劫无间LHR显卡二手显卡 技嘉RTX95新 95新,腾卓二手电脑专营店
7499.00,2022-09-28,攀升12代i7/RTX 3060 Ti/16G/500G,攀升DIY电脑旗舰店
3599.00,2022-09-28,铭瑄（MAXSUN） RTX 3060 TI电竞之心8G三风扇高端台式直播电脑游戏全新独立超频显卡 RTXTi iCraft 8G,铭瑄电脑配件京东自营旗舰店
1599.00,2022-09-28,华硕微星索泰 影驰七彩虹RTX 3060 TI电竞游戏设计专业独立永劫无间LHR显卡二手显卡 七彩虹RTX-12G三风扇战斧 95新,晶瑞二手电脑专营店
2999.00,2022-09-28,微星（MSI） RTX2060 3060 Ti魔龙万图师电竞游戏专业设计直播台式电脑独立显卡 RTX万图师2X OC 12G LHR,微星电脑硬件旗舰店
2499.00,2022-09-28,盈通（yeston） RTX 3060 12GB GDDR6 台式机电脑电竞游戏显卡 RTX12G D6 萌宠版,yeston盈通旗舰店
2999.00,2022-09-28,七彩虹（Colorful） RTX 3060 系列RTX电竞游戏电脑独立显卡12G显卡 RTXUltra W OC LHR,瑞达中腾官方旗舰店
2579.00,2022-09-28,华硕（ASUS） 华硕 TUF/巨齿鲨/猛禽ROG-RTX 3060 -12G 台式机电竞游戏独立显卡 DUAL-RTX-O12G-V2,华硕极客盟专卖店
2049.00,2022-09-28,七彩虹（Colorful） iGame RTX3050 3060 ti OC AD 8G电竞游戏显卡 RTX 3050 DUO 8G 战斧 显卡,七彩虹旗舰店
2479.00,2022-09-28,昂达（ONDA）RTX 3060 神盾12GD6  12GB大显存GDDR6 PCI-E 4.0 电竞游戏设计专业电脑 显卡,昂达（ONDA）京东自营旗舰店
6999.00,2022-09-28,机械革命(MECHREVO)Umi Pro3 高性能电竞轻薄设计游戏笔记本电脑（i7-11800H 16G 512G RTX 3060 165HZ 2.5K）,机械革命京东自营官方旗舰店
2999.00,2022-09-28,耕升（GAINWARD） RTX 3060 /TI 电脑游戏独立显卡 RTXDUG,耕升旗舰店
2999.00,2022-09-28,技嘉小雕（GIGABYTE）AORUS GeForce RTX 3060 ELITE 12G 2.0版本竞游戏设计智能学习电脑独立显卡,技嘉京东自营官方旗舰店
6799.00,2022-09-28,华硕i7 12700F /KF /RTX 3060 /3070Ti高配直播台式电脑主机DIY组装机 配置一（12700F+ONDA昂达）,华硕极客盟专卖店
2099.00,2022-09-28,七彩虹（Colorful） iGame RTX3050 3060 ti OC AD 8G电竞游戏显卡 RTX 3050 Ultra W DUO OC 显卡,七彩虹旗舰店
2599.00,2022-09-28,铭瑄（MAXSUN） RTX 3060 电竞之心OC 12G超频版游戏显卡赛博朋克2077高性能独立显卡 铭瑄Big Mac 12G,铭瑄官方旗舰店
2899.00,2022-09-28,七彩虹（Colorful） RTX 3060 Ti 火神 Ultra W白 永劫无间游戏电竞显卡 【-12G】Ultra W OC 支持个人送保,七彩虹汇涓海专卖店
1599.00,2022-09-28,华硕技嘉微星七彩虹RTX 3060 TI-8G-12GLHR台式机组装机专业设计游戏95新二手显卡 拆机RTX-12G 95新,发烧DIY 二手电脑专营店
2358.00,2022-09-28,耕升 （GAINWARD）RTX 3060 ti DUG  台式电脑主机游戏设计师电脑显卡 RTXDUG 12G【游戏性价比】,硕展电脑专营店
1999.00,2022-09-28,七彩虹（Colorful） RTX 3050 8G/RTX 3060 12G 电竞游戏电脑独立显卡 RTX3050 Ultra W DUO OC 8G 【支持个人送保】,邻竞官方旗舰店
3399.00,2022-09-28,技嘉魔鹰GeForce RTX 3060 Ti GAMING OC 8G LHR电竞游戏设计智能学习电脑独立显卡,技嘉京东自营官方旗舰店
8599.00,2022-09-28,机械革命新极光Pro 2022款 游戏笔记本电脑 新12代酷睿高性能轻薄电竞 MECHREVO旗舰店 新i9-12900H 3060 16G 512G 240Hz 2.5K电竞屏,机械革命游戏本京东自营旗舰店
3099.00,2022-09-28,七彩虹（Colorful） iGame RTX 3060 AD W OC 12G白色 电竞游戏电脑显卡 RTXAdvanced OC L,七彩虹旗舰店
2899.00,2022-09-28,铭瑄（MAXSUN） RTX 3060 电竞之心12G超频设计智能学习电竞游戏光追超频OC独立显卡 RTXiCraft OC 12G,铭瑄电脑配件京东自营旗舰店
8999.00,2022-09-28,宏碁 暗影骑士·擎Pro 15.6英寸2.5K屏游戏笔记本电脑 DDS独显直连2.0(12代i9-12900H 16G-DDR5 512G RTX 3060 ),宏碁京东自营旗舰店
10499.00,2022-09-28,卡利佳 i9 12900K RTX 3060 /1660S游戏设计台式机组装电脑主机DIY组装机全套整机 配置一i9 12900K GTX1660S 6G,卡利佳旗舰店
10699.00,2022-09-28,联想（Lenovo） 拯救者Y9000P 2022 16英寸 游戏笔记本电脑 i9-12900H RTX 3060 冰魄白,联想京东自营官方旗舰店
8399.00,2022-09-28,机械革命旷世2022款 游戏笔记本电脑 新12代酷睿高性能 支持独显直连 2.5K电竞屏 旗舰店 新12代i7 16G 512G 3060 满血版 17.3英寸高刷电竞屏,机械革命游戏本京东自营旗舰店
2999.00,2022-09-28,影驰 RTX 3060 系列 N卡nvidia芯片电竞台式机吃鸡游戏显卡 RTX金属大师FG,胖虫官方旗舰店
1769.00,2022-09-28,华硕微星七彩虹RTX 3060 TI 8 12G 电竞游戏设计独立永劫无间LHR显卡二手显卡 华硕RTX99新,小锋二手电脑配件专营店
2599.00,2022-09-28,铭瑄（MAXSUN）MS-GeForce RTX 3060 终结者 12G 电竞游戏设计智能学习电脑装机独立显卡,铭瑄京东自营旗舰店
7999.00,2022-09-28,华硕天选3 锐龙版 R7-6800H |RTX 3060 ,华硕蓝色基点专卖店
2799.00,2022-09-28,网易严选 显卡 GeForce RTX 3060 12G  网易永劫无间显卡 超强散热电脑游戏显卡 GeForce RTX12G,网易严选官方旗舰店
1669.00,2022-09-28,华硕微星七彩虹RTX 3060 TI 8 12G有锁无锁版 电竞设计专业独立永劫无间LHR显卡二手显卡 七彩虹RTX-12G三风扇战斧锁 95新 95新,腾卓二手电脑专营店
2749.00,2022-09-28,七彩虹（Colorful） iGame RTX 3060 AD W OC 12G白色 电竞游戏电脑显卡 战斧RTXDUO 12G V2 L,七彩虹旗舰店
2799.00,2022-09-28,网易严选GeForce RTX 3060 /3070/TI 12g/8g显存 网易永劫无间联名游戏显卡 RTX12G豪华版,网易严选官方旗舰店
2599.00,2022-09-28,影驰（Galaxy）GeForce RTX 3060 12G FG N卡电竞专业台式机电脑游戏显卡RTX骁将FG+鼠标垫套装,影驰京东自营旗舰店
12999.00,2022-09-28,ROG幻16 翻转本 16英寸翻转触控设计师高性能轻薄笔记本电脑(R9 6900HS 16G 512GB RTX 3060 2.5K屏),玩家国度ROG京东自营官方旗舰店
7199.00,2022-09-28,机械革命（MECHREVO） 极光Pro/蛟龙5满血 3060 电竞游戏本Z3Pro轻薄设计笔记本电脑 Z3Pro/六核i5/-130W满血/2K 官方标配：16G 512G PCIE高速固态,机械革命授权专卖店
8999.00,2022-09-28,联想笔记本电脑拯救者R9000K 16英寸高性能学生游戏本(标压 8核 R7-5800H 16G 1T RTX 3060 2.5k 165Hz电竞屏),联想京东自营旗舰店
2999.00,2022-09-28,铭瑄（MAXSUN） RTX 3060 TI iCraft电竞之心8G电脑电竞游戏独立台式显卡独显TI终结者8G,铭瑄官方旗舰店
9299.00,2022-09-28,ROG魔霸新锐2022 15.6英寸2.5K 165Hz游戏本笔记本电脑(R9-6900HX  液金导热 16G 512G RTX 3060 140W),玩家国度ROG京东自营官方旗舰店
3699.00,2022-09-28,华硕 ASUS TUF  GeForce  RTX 3060 Ti-O8G-V2-GAMING 电竞游戏专业独立显卡,华硕京东自营旗舰店
6499.00,2022-09-28,技嘉（GIGABYTE） 主机i5 12400F升12490F/RTX 3060 /3050游戏组装电脑 配七：12400F丨16G丨512G丨,技嘉旗舰店
2599.00,2022-09-28,盈通（yeston）GeForce RTX 3060 -12G D6 六道兵甲 1320-1777MHz 电竞游戏光追独立显卡,盈通显卡京东自营旗舰店
2899.00,2022-09-28,七彩虹（Colorful） RTX 3060 /Ti 火神/白色 Ultra W 电竞游戏电脑显卡 RTXUltra OC W L 【支持个人送保】,邻竞官方旗舰店
1949.00,2022-09-28,华硕（ASUS） RTX 3060 \/Ti\/1660S系列 电脑电竞游戏光追独立显卡 DUAL-RTX3050-8G,攀升DIY电脑旗舰店
3499.00,2022-09-28,影驰RTX 3060 Ti系列 N卡nvidia芯片电竞台式机吃鸡游戏显卡 RTXTi金属大师 FG,胖虫官方旗舰店
2799.00,2022-09-28,技嘉猎鹰 GIGABYTE GeForce RTX 3060 EAGLE OC 12G 2.0 游戏显卡,技嘉京东自营官方旗舰店
1699.00,2022-09-28,华硕微星索泰 影驰七彩虹RTX 3060 TI电竞游戏设计专业独立永劫无间LHR显卡二手显卡 索泰RTX-95新 95成新,乐豪二手电脑配件专营店
7288.00,2022-09-28,七彩虹(Colorful)将星X17-AT 17.3英寸游戏笔记本电脑(i7-12700H RTX 3060 16G 512G 144Hz 高色域屏 苍珀蓝),七彩虹（Colorful）电脑官方京东自营旗舰店
20699.00,2022-09-28,cloud hin 塔式深度学习双服务器台式GPU工作站人工智能AI算法模型训练 i9-10920X|12核24线程|3.5GHz 含RTX 3060 12G *2,云轩/Cloudhin旗舰店
2649.00,2022-09-28,镭风（Colorfire）GeForce RTX 3060 清凉薄荷 OC 12G L 1777Mhz电竞游戏独立显卡（七彩虹旗下子品牌）,镭风（Colorfire）京东自营旗舰店
7799.00,2022-09-28,宏碁（acer） 暗影骑士·擎笔记本电脑 15.6英寸电竞屏512G硬盘高色域游戏本独立显卡 新i5-12500H|RTX 3060 |DDR5,宏碁电脑京东自营旗舰店
2649.00,2022-09-28,镭风（Colorfire） RTX 3060 元气OCti清凉薄荷OC台式电脑电竞游戏显卡 RTX元气 OC L,Colorfire旗舰店
2579.00,2022-09-28,华硕（ASUS） 华硕 TUF/巨齿鲨/猛禽ROG-RTX 3060 -12G 台式机电竞游戏独立显卡 DUAL-RTX-O12G-V2,华硕极客盟专卖店
2999.00,2022-09-28,七彩虹（COLORFUL） RTX 3060 /ti Ultra W OC 3070 AD电竞游戏显卡 RTXULTRA W OC 12G,Colorfire旗舰店
2399.00,2022-09-28,七彩虹RTX 3060 系列TI显卡游戏电竞独立显卡RTX显卡 七彩虹战斧RTXTi 8G 原封准新,铭速二手电脑专营店
3999.00,2022-09-28,索泰（ZOTAC） RTX 3060 /RTXTi 天启OC 电竞游戏吃鸡显卡台式机独立显卡 RTXTi PGF GOC-X 8G,瑞达中腾官方旗舰店
3799.00,2022-09-28,七彩虹（COLORFUL） RTX 3060 /ti Ultra W OC 3070 AD电竞游戏显卡 RTXTI ULTRA W OC L,Colorfire旗舰店
4299.00,2022-09-28,七彩虹（Colorful） RTX 3060 Ti系列RTXTi电竞游戏电脑显卡 RTXTi Vulcan火神OC LHR,瑞达中腾官方旗舰店
5999.00,2022-09-28,微星（MSI） 12代 I5 12490F/RTX3050 3060 Ti显卡台式主机游戏电脑电竞整机 配置二:12490F/16G/RTX,微星电脑硬件旗舰店
3799.00,2022-09-28,七彩虹（Colorful） RTX 3060 Ti系列RTXTi电竞游戏电脑显卡 RTXTi Ultra W OC LHR,瑞达中腾官方旗舰店
6699.00,2022-09-28,鑫锐 i7 12700/i9/RTX 3060 /70吃鸡游戏电竞直播水冷台式DIY组装电脑主机全套 套餐七-i9八核-RTTi丨1TB丨27寸,鑫锐电脑旗舰店
6495.82,2022-09-28,雷神（ThundeRobot） 12代处理器高性能 3060 显卡设计师游戏电台式主机 12代性能款i5-12400++512G,雷神台式机官方旗舰店
2999.00,2022-09-28,华硕（ASUS） RTX 3060 Ti\\\/系列显卡吃鸡电竞游戏显卡RTX显卡 ATS-RTX-012G-巨齿鲨LHR,瑞达中腾官方旗舰店
1719.00,2022-09-28,华硕七彩虹影驰技嘉 拆机英伟达RTX 3060 Ti 无锁吃鸡游设计专业显卡 畅爽体验二手显卡 华硕RTXTUF-Gaming 95新,腾卓二手电脑专营店
3199.00,2022-09-28,微星（MSI） RTX2060 3060 Ti魔龙万图师电竞游戏专业设计直播台式电脑独立显卡 RTX魔龙Z TRIO 12G LHR,微星电脑硬件旗舰店
2949.00,2022-09-28,七彩虹（Colorful） RTX 3060 AD Ultra OC 白色超频电竞显卡 RTXAdvanced OC 银鲨 L,邻竞官方旗舰店
4499.00,2022-09-28,雷索 i5 10400F/12400F/RTX2060/1650游戏台式办公组装电脑主机DIY组装机 四 i5 12400F丨16G丨 3060 12G,航向者组装电脑旗舰店
1699.00,2022-09-28,华硕七彩虹影驰技嘉 拆机英伟达RTX 3060 Ti 无锁吃鸡游设计专业显卡 畅爽体验二手显卡 七彩虹RTX-12G 95新,腾卓二手电脑专营店
2679.00,2022-09-28,华硕（ASUS） TUF/猛禽 RTX 3060 -O12G/RTXTI-O8G电竞游戏独立显卡 ATS-RTX-O12G巨齿鲨 全国联保 官方质保,东扬电脑配件专营店
2999.00,2022-09-28,技嘉（GIGABYTE） RTX 3060 /RTXTi OC 魔鹰 白色台式电脑电竞游戏显卡 RTX12G【魔鹰 2.0】 【性价比】,邻竞官方旗舰店
3449.00,2022-09-28,铭瑄（MAXSUN）MS-GeForce RTX 3060 Ti iCraft OC 8G 瑷珈限定 赛博朋克2077游戏/光追电脑显卡/二次元,铭瑄京东自营旗舰店
6999.00,2022-09-28,火影 T5A RTX/ 3060 /100%色域/2.5K/165Hz高刷电竞屏游戏笔记本电脑 T5A:独显直连/16/1TB/240Hz,火影游戏本旗舰店
2999.00,2022-09-28,技嘉（GIGABYTE） RTX 3060 12G 电竞游戏电脑显卡RTXVISION OC雪鹰2.0 【性价比之选】,邻竞官方旗舰店
6799.00,2022-09-28,机械革命（MECHREVO） 蛟龙5锐龙新品 3060 满血游戏本15.6英寸电竞笔记本电脑 R5-5600H 16G 512G 144Hz高刷 RTX-6G满血+独显直连,机械革命授权专卖店
3399.00,2022-09-28,七彩虹（Colorful） RTX 3060 Ti系列RTXTi电竞游戏电脑显卡 RTXTI 战斧DUO LHR V2,瑞达中腾官方旗舰店
3499.00,2022-09-28,技嘉（GIGABYTE） RTX 3060 Ti显卡Ti8G电竞游戏独立电脑显卡 RTXTi GAMING OC 魔鹰2.0,瑞达中腾官方旗舰店
3399.00,2022-09-28,影驰（Galaxy）GeForce RTX 3060 TI 8G N卡电竞专业台式机电脑游戏显卡RTXTI星曜OC+鼠标垫套装,影驰京东自营旗舰店
2999.00,2022-09-28,影驰 RTX 3060 系列 N卡nvidia芯片电竞台式机吃鸡游戏显卡 RTX星曜FG,胖虫官方旗舰店
8399.00,2022-09-28,惠普(HP)暗影精灵8Pro 16.1英寸游戏笔记本电脑 3060 ,惠普（HP）OMEN暗影精灵京东自营旗舰店
3049.00,2022-09-28,七彩虹（COLORFUL） RTX 3060 /ti Ultra W OC 3070 AD电竞游戏显卡 RTXAD OC 12G L,Colorfire旗舰店
2569.00,2022-09-28,盈通（yeston） RTX 3060 12GB GDDR6 台式机电脑电竞游戏显卡 RTX12G D6 六道兵甲,yeston盈通旗舰店
2999.00,2022-09-28,技嘉（GIGABYTE） RTX 3060 12G/RTXTI 8G 魔鹰 电脑电竞游戏显卡 RTX【魔鹰OC】2.0 12G,爵扬旗舰店
1759.00,2022-09-28,华硕微星影驰RTX 3060 3070 3080 3090无锁永劫无游戏设计专业显卡 二手显卡95新 技嘉RTX12G,乐豪二手电脑配件专营店
2499.00,2022-09-28,电竞叛客 AX RTX 3060 \/TI N卡 电竞专业游戏独立显卡 图形图像编辑 RTXX2 W LHR,腾飞电脑配件专营店
4499.00,2022-09-28,雷索 i5 10400F/12400F/RTX2060/1650游戏台式办公组装电脑主机DIY组装机 四 i5 12400F丨16G丨 3060 12G,航向者组装电脑旗舰店
7199.00,2022-09-28,"机械革命蛟龙5增强版 2022款游戏笔记本电脑 满血 3060 高性能独显直连 高刷电竞屏 旗舰店 15.6"" R5 16G 512G满血版",机械革命游戏本京东自营旗舰店
2999.00,2022-09-28,华硕（ASUS） TUF/猛禽 RTX 3060 -O12G/RTXTI-O8G电竞游戏独立显卡 TUF-RTX-O12G-V2电竞特工 全国联保 官方质保,东扬电脑配件专营店
2599.00,2022-09-28,铭鑫（MINGXIN） RTX 3060 12GD6 炫彩版 电竞/游戏/台式机/升级/独显/流畅吃鸡 铭鑫视界风RTX12GBD6-双风扇,铭鑫官方旗舰店
2799.00,2022-09-28,影驰 RTX 3060 系列 N卡nvidia芯片电竞台式机吃鸡游戏显卡 RTX金属大师 Mini [FG],胖虫官方旗舰店
3199.00,2022-09-28,电竞叛客 AX RTX 3060 TI 台式机独立显卡 吃鸡电竞专业发烧游戏电脑显卡独显 图形设计运算 RTXTi X2 W LHR,电竞叛客旗舰店
2399.00,2022-09-28,七彩虹RTX 3060 系列TI显卡游戏电竞独立显卡RTX显卡 七彩虹战斧RTXTi 8G 原封准新,铭速二手电脑专营店
769.00,2022-09-28,技嘉 B560M D2V 支持CPU 11700F/11600KF/11400F/10600KF显卡 3060 /3070(Intel B560/LGA 1200),技嘉京东自营官方旗舰店
2599.00,2022-09-28,电竞叛客 AX 台式机电脑独立显卡RTX 3060 12G 图形设计专业运算独显 电竞吃鸡游戏光追显卡 RTXX2 W LHR,电竞叛客旗舰店
5999.00,2022-09-28,七彩虹（COLORFUL） 元气12400F/GTX1650/ 3060 永劫无间游戏台式DIY电脑主机L+12400F+512G+16G性能霸主,Colorfire旗舰店
3099.00,2022-09-28,七彩虹（Colorful） iGame RTX3050 3060 ti OC AD 8G电竞游戏显卡 RTXAdvanced  OC L 显卡,七彩虹旗舰店
2899.00,2022-09-28,索泰（ZOTAC） RTX 3060 /RTXTi 天启OC 电竞游戏吃鸡显卡台式机独立显卡 RTX天启 GOC-X 12G升PGF,瑞达中腾官方旗舰店
6699.00,2022-09-28,鑫锐 i7 12700/i9/RTX 3060 /70吃鸡游戏电竞直播水冷台式DIY组装电脑主机全套 套餐七-i9八核-RTTi丨1TB丨27寸,鑫锐电脑旗舰店
1949.00,2022-09-28,技嘉（GIGABYTE） RTX 3060 Ti显卡3050魔鹰雪鹰小雕游戏台式电脑独显电竞 猎鹰丨3050 EAGLE OC,图迈DIY电脑专营店
6999.00,2022-09-28,机械革命游戏笔记本电脑 2022款新极光E 12代酷睿极光Air 轻薄电竞屏 MECHREVO旗舰店 新极光E丨12代i5 3060 144Hz屏 16G  512G PCIE,机械革命游戏本京东自营旗舰店
3999.00,2022-09-28,微星（MSI） RTX2060 3060 Ti魔龙万图师电竞游戏专业设计直播台式电脑独立显卡 RTXTi 魔龙Z TRIO 8G LHR,微星电脑硬件旗舰店
2839.00,2022-09-28,七彩虹（Colorful） 七彩虹RTX 3060 ti AD 3070ti /火神超频电竞游戏独立显卡 七彩虹RTXUltra W OC L,锐星电脑DIY旗舰店
2649.00,2022-09-28,梅捷（SOYO）SY-GeForce RTX 3060 燚龙 12G 电竞游戏/设计/光追/人工智能/深度学习 电脑独立显卡,梅捷（SOYO）京东自营旗舰店
8799.00,2022-09-28,【本店 3060 】ROG 幻14  高色域轻薄商务设计师笔记本电脑,玩家国度ROG儒佳专卖店
2599.00,2022-09-28,铭瑄（MAXSUN） 显卡RTX 3060 12G 电竞之心 游戏吃鸡独显电脑 台式机 RTX终结者 12G,海晨数码专营店
2799.00,2022-09-28,影驰 RTX 3060 /TI吃鸡GTA5奥德赛刺客信条电竞游戏电脑台式机独立显卡 RTX金属大师Mini FG锁算力,锐世界旗舰店
2999.00,2022-09-28,AORUS RTX 3060 /Ti 12G 8G 显卡 魔鹰/雪鹰 吃鸡组装电脑游戏主机独显 【雪鹰2.0】VISION OC 12G,AORUS旗舰店
2749.00,2022-09-28,七彩虹（COLORFUL） 3060 12G显卡ultra 战斧AD台式机电脑电竞游戏光追独立显卡 RTXMINI OC 12G LHR,陈杨电脑专营店
3599.00,2022-09-28,影驰 （Galaxy）GeForce RTX 3060 Ti 8G N卡   /电竞专业台式电脑游戏显卡TI星曜OC(锁算力),影驰旗舰店
12499.00,2022-09-28,cloud hin 云轩十二代i712700KFRTX3080ti深度学习主机双路GPU服务器工作站 含RTX 3060 12G显卡*1,云轩/Cloudhin旗舰店
5999.00,2022-09-28,神舟(HASEE)战神Z8-TA5NS 新11代酷睿i5-11260H RTX 3060 6G 15.6英寸144Hz游戏笔记本电脑(16G 512G SSD IPS),神舟电脑京东自营旗舰店
5499.00,2022-09-28,玩家战神 RTX 3060 笔记本电脑游戏本12代酷睿独显i7满血版高端轻薄本高性能大屏电竞学生力荐 10代酷睿i5/RTX满血/165Hz高刷 8G内存/512G PCI-E固态硬盘,玩家战神笔记本官方旗舰店
2799.00,2022-09-28,AORUS RTX 3060 /Ti 12G 8G 显卡 魔鹰/雪鹰 吃鸡组装电脑游戏主机独显 【风魔】WF2 12G,AORUS旗舰店
3599.00,2022-09-28,华硕 ASUS ATS  GeForce  RTX 3060 Ti-O8G-GAMING LHR版 ATS巨齿鲨系列电竞游戏专业独立显卡,华硕京东自营旗舰店
2799.00,2022-09-28,七彩虹（COLORFUL）RTX 3060 \/Ti OC显卡战斧Ultra白色游戏独立显卡吃鸡Ultra W OC 12G L,嘉志硕电脑配件专营店
7039.00,2022-09-28,武极 天奕 12代i7直播电竞游戏台式电脑主机整机DIY组装机 配置三：i7 12700F+RTX 3060 ,武极电脑DIY旗舰店
6199.00,2022-09-28,玩家战神 RTX 3060 笔记本电脑游戏本12代酷睿独显i7满血版高端轻薄本高性能大屏电竞学生力荐 10代酷睿i5/RTX满血/165Hz高刷 16G内存/1024G PCI-E固态硬盘,玩家战神笔记本官方旗舰店
3149.00,2022-09-28,镭风（Colorfire）GeForce RTX 3060 Ti 元气 OC LHR 8G 1665Mhz电竞游戏独立显卡（七彩虹旗下子品牌）,镭风（Colorfire）京东自营旗舰店
1899.00,2022-09-28,华硕微星影驰RTX 3060 3070 3080 3090无锁永劫无游戏设计专业显卡 二手显卡95新 华硕RTXTUF 12G,乐豪二手电脑配件专营店
2699.00,2022-09-28,铭瑄（MAXSUN） 显卡RTX 3060 12G 电竞之心 游戏吃鸡独显电脑 台式机 RTXiCraft OC 电竞之心 12G,海晨数码专营店
7079.00,2022-09-28,七彩虹(Colorful)将星X15-AT 15.6英寸游戏笔记本电脑(i7-12700H RTX 3060 16G 512G 144Hz 高色域屏 苍珀蓝),七彩虹（Colorful）电脑官方京东自营旗舰店
7599.00,2022-09-28,cloud hin 云轩 六核/RTX独立显卡 台式电脑游戏直播主机/DIY组装机 12400F| 3060 ti|8G*2|512G 侧透RGB|酷炫电竞|全铝机箱,云轩/Cloudhin旗舰店
2799.00,2022-09-28,耕升（GAINWARD）GeForce RTX 3060 追风 EXG RGB 12GB,耕升（GAINWARD）京东自营旗舰店
3399.00,2022-09-28,技嘉雪鹰 GIGABYTE GeForce RTX 3060 Ti VISION OC 8G LHR竞游戏设计智能学习电脑独立显卡,技嘉京东自营官方旗舰店
6299.00,2022-09-28,神舟(HASEE)战神Z8-DA5NS 新12代i5-12450H RTX 3060 15.6英寸游戏笔记本电脑(16G 512G 144Hz IPS),神舟电脑京东自营旗舰店
3199.00,2022-09-28,影驰（Galaxy）GeForce RTX 3060 Ti 8G N卡电竞专业台式机电脑游戏显卡RTXTI黑将OC+鼠标垫套装,影驰京东自营旗舰店
6599.00,2022-09-28,机械革命（MECHREVO） 蛟龙5游戏本 全新锐龙八核R7 满血 3060 高刷新笔记本电脑 R5-5600H//144Hz高刷屏 高性价比：8G/512G PCIE,机械革命栋雄专卖店
8489.00,2022-09-28,惠普（HP） 光影精灵8Pro Victus新12代高颜值高性能游戏本电竞学生吃鸡办公商务笔记本电脑 12代i5 RTX 3060 -6G/144Hz电竞屏 【标配】16G 512G固态,惠普蓝星专卖店
2799.00,2022-09-28,影驰（Galaxy）GeForce RTX 3060 12G FG N卡电竞专业电脑游戏显卡RTX金属大师MINI FG+黑将M.2 250G套装,影驰京东自营旗舰店
3299.00,2022-09-28,铭瑄 (MAXSUN) MS-GeForce RTX 3060 Ti iCraft OC 8G GDDR6 电竞之心 电脑游戏/光追/人工智能/深度学习 显卡,铭瑄京东自营旗舰店
2799.00,2022-09-28,影驰 RTX 3060 显卡RTXTi高端台式机电脑电竞游戏吃鸡独立显卡RTX3070光线追踪 RTX金属大师MAX OC  FG,台通电脑DIY专营店
3649.00,2022-09-28,映众（Inno3D）RTX 3060 Ti 冰龙超级版LHR 8GB GDDR6 显卡/台式机/游戏/电竞/绘图/设计/AI/独立显卡,映众京东自营旗舰店
3199.00,2022-09-28,镭风（Colorfire） GeForce RTX 3060 Ti 清凉薄荷 OC LHR 8G 1665Mhz电竞游戏独立显卡（七彩虹旗下子品牌）,镭风（Colorfire）京东自营旗舰店
2999.00,2022-09-28,技嘉（GIGABYTE） RTX 3060 12G 电竞游戏电脑显卡RTXVISION OC雪鹰2.0 【性价比之选】,邻竞官方旗舰店
3799.00,2022-09-28,华硕（ASUS） TUF/猛禽 RTX 3060 -O12G/RTXTI-O8G电竞游戏独立显卡 TUF-RTXTI-O8G-V2电竞特工 全国联保 官方质保,东扬电脑配件专营店
1799.00,2022-09-28,华硕微星影驰RTX 3060 3070 3080 3090无锁永劫无游戏设计专业显卡 二手显卡95新 七彩虹RTXAD 12G锁,乐豪二手电脑配件专营店
1899.00,2022-09-28,耕升（GAINWARD） RTX 3060 12G拆机/样品显卡电脑台式机GPU显示适配器组装机显卡 【-12G 】双风扇库存随机,创亿宏业办公专营店
3599.00,2022-09-28,七彩虹（Colorful） iGame RTX3050 3060 ti OC AD 8G电竞游戏显卡 战斧 RTXTi DUO V2 L 显卡,七彩虹旗舰店
1628.00,2022-09-28,华硕七彩虹影驰技嘉 拆机英伟达RTX 3060 Ti 无锁吃鸡游设计专业显卡 畅爽体验二手显卡 七彩虹RTX-12G-战斧 95新,腾卓二手电脑专营店
3269.00,2022-09-28,华橙 高颜值海景房i5 12400F/RTX 3060 永劫无间吃鸡游戏台式组装电脑主机DIY组装机全套 配置五 电竞款十核丨32G丨2060 6G,华橙电脑旗舰店
3099.00,2022-09-28,盈通（yeston）GeForce RTX 3060 Ti  8G D6 六道兵甲 光追电竞游戏显卡,盈通显卡京东自营旗舰店
6399.00,2022-09-28,神舟（HASEE） 战神Z7/Z8/T8 RTX3050/ 3060 满血独显游戏本学生办公笔记本电脑 Z8-TA5电竞版 i5/16/512G/官方授权 两年质保,神舟电脑专卖店
3199.00,2022-09-28,铭瑄 (MAXSUN) MS-GeForce RTX 3060 Ti 终结者 8G GDDR6  电脑游戏/电竞/光追/人工智能/深度学习 显卡,铭瑄京东自营旗舰店
2489.00,2022-09-28,华硕（ASUS） RTX 3060 RTXTI台式电脑独立显卡电竞游戏 DUAL RTXO12G V2,魔攻电脑组件专营店
2699.00,2022-09-28,镭风（Colorfire） RTX 3060 元气OCti清凉薄荷OC台式电脑电竞游戏显卡 RTX清凉薄荷 OC L,Colorfire旗舰店
13399.00,2022-09-28,cloud hin 云轩 i9 12900K深度学习主机双路RTX3090GPU服务器工作站电脑主机 12900K|32G|RTX 3060 TI 8G,云轩/Cloudhin旗舰店
3297.00,2022-09-28,映众（Inno3D）RTX 3060 Ti 黑金至尊版LHR 8GB GDDR6 显卡/台式机/游戏/电竞/绘图/设计/AI/独立显卡,映众京东自营旗舰店
3499.00,2022-09-28,华硕（ASUS） TUF/猛禽 RTX 3060 -O12G/RTXTI-O8G电竞游戏独立显卡 ATS-RTXTI-O8G-V2巨齿鲨 全国联保 官方质保,东扬电脑配件专营店
3299.00,2022-09-28,梅捷（SOYO）SY-GeForce RTX 3060 Ti 焱龙 8G  电竞游戏/设计/光追/人工智能/深度学习 电脑独立显卡,梅捷（SOYO）京东自营旗舰店
4299.00,2022-09-28,神舟（Hasee)战神笔记本电脑二手游戏本15.6英寸吃鸡设计i7独显6G学生轻薄本144HZ电竞屏 99新i5-10200 16G旗舰级RTX 3060 ,呱子二手笔记本电脑专营店
1759.00,2022-09-28,华硕微星索泰 影驰七彩虹RTX 3060 TI电竞游戏设计专业独立永劫无间LHR显卡二手显卡 七彩虹RTX-12G三风扇战斧-95新 95成新,乐豪二手电脑配件专营店
11499.00,2022-09-28,cloud hin i9 10900K/RTX3080ti/3090深度学习主机GPU服务器工作站 含RTX 3060 12G显卡*1 32G内存+512G固态,云轩/Cloudhin旗舰店
3399.00,2022-09-28,影驰（Galaxy）GeForce RTX 3060 Ti 黑将 OC[FG] N卡/电竞专业游戏显卡,影驰京东自营旗舰店
4999.00,2022-09-28,影驰（Galaxy）GeForce RTX 3060 Ti GAMER OC[FG] 电竞专业游戏显卡,影驰京东自营旗舰店
2299.00,2022-09-28,七彩虹战斧 GeForce RTX 3060 DUO 12G 三风扇游戏显卡 七彩虹战斧RTX联保二年,铭速二手电脑专营店
3599.00,2022-09-28,微星（MSI） 微星 RTX 3060 Ti魔龙 电竞游戏显卡台式机独显赛博朋克2077锁算力 【RTXTi-魔龙Z-TRIO-LHR】,微星显卡外设旗舰店
6788.00,2022-09-28,机械革命（MECHREVO） 蛟龙5 满血 3060 游戏本 高刷新办公游戏笔记本电脑 R5-5600H/16G/512G/【店长推荐】-6G独显直连/130W满血功耗,机械革命栋雄专卖店
4699.00,2022-09-28,卡利佳 AMD锐龙R7 5800X RTX 3060 /1660S游戏吃鸡台式机组装电脑主机DIY组装机 配置一 ：5800X ＋16G+GTX1650  游戏电竞组装电脑主机,卡利佳旗舰店
3099.00,2022-09-28,电竞叛客 AX RTX 3060 \/TI N卡 电竞专业游戏独立显卡 图形图像编辑 RTXTi X2 W LHR,腾飞电脑配件专营店
8299.00,2022-09-28,宏碁（acer） 12代暗影骑士·擎pro 游戏本2022笔记本电脑15.6 165Hz 暗影骑士 i5-12500H/DDR5内存/ 3060 独显直连,宏碁游戏本旗舰店
6569.00,2022-09-28,玩家战神 RTX 3060 笔记本电脑游戏本12代酷睿独显i7满血版高端轻薄本高性能大屏电竞学生力荐 11代i7/满血/2.5K/165Hz高刷 16G内存/512G PCI-E固态硬盘,玩家战神笔记本官方旗舰店
4299.00,2022-09-28,微星（MSI） RTX2060 3060 Ti魔龙万图师电竞游戏专业设计直播台式电脑独立显卡 RTXTi 魔龙Z 8G L+650W电源,微星电脑硬件旗舰店
2849.00,2022-09-28,电竞叛客 AX 台式机电脑独立显卡RTX 3060 12G 图形设计专业运算独显 电竞吃鸡游戏光追显卡X2 W L+鑫谷GN850W冰山版金牌,电竞叛客旗舰店
6499.00,2022-09-28,卡利佳 i7 12700F/RTX3050/ 3060 水冷游戏设计台式电脑DIY组装机台式机主机全套 配置一：12700F＋RTX3050-8G 游戏直播台式电脑,卡利佳旗舰店
5499.00,2022-09-28,神舟（HASEE） 战神Z7M/Z7/Z8/T8系列 游戏笔记本电脑IPS电竞屏商务办公学生手提电脑 Z8-电竞版 i5/16G/512G/ 3060 独立显卡,神舟乐鼎专卖店
1959.00,2022-09-28,耕升（GAINWARD） RTX 3060 12G拆机/样品显卡电脑台式机GPU显示适配器组装机显卡 【-12G 】三风扇库存随机,创亿宏业办公专营店
3399.00,2022-09-28,英伟达（NVIDIA） RTX30系列 原厂公版 Ai深度学习计算GPU运算加速显卡 RTX 3060 12G 单涡轮 (简包),楚霏官方旗舰店
10099.00,2022-09-28,联想（Lenovo） 拯救者Y9000P 2022 16英寸 游戏笔记本电脑 i7-12700H 512G RTX 3060 ,联想京东自营官方旗舰店
2399.00,2022-09-28,七彩虹RTX 3060 系列TI显卡游戏电竞独立显卡RTX显卡 七彩虹战斧RTXTi 8G 原封准新,铭速二手电脑专营店
13399.00,2022-09-28,cloud hin 云轩 i9 12900K深度学习主机双路RTX3090GPU服务器工作站电脑主机 12900K|32G|RTX 3060 TI 8G,云轩/Cloudhin旗舰店
3299.00,2022-09-28,华硕（ASUS） 巨齿鲨RTX 3060 TI-8G-V2-GAMING 电竞游戏显卡 LHR显卡 ATS-RTXTI-O8G 锁算力,华之硕电脑专营店
2799.00,2022-09-28,耕升（GAINWARD） RTX 3060 /TI 电脑游戏独立显卡 RTX星极绿晶OCG,耕升旗舰店
1698.00,2022-09-28,华硕微星七彩虹RTX 3060 TI 8 12G有锁无锁版 电竞设计专业独立永劫无间LHR显卡二手显卡 索泰RTX95新 95新,腾卓二手电脑专营店
2269.00,2022-09-28,华硕微星七彩虹RTX 3060 TI 8 12G 电竞游戏设计独立永劫无间LHR显卡二手显卡 七彩虹RTXTI 99新,小锋二手电脑配件专营店
2399.00,2022-09-28,电竞叛客 AX RTX 3060 Ti RTX3070 RTX3080Ti 台式机电脑独立电竞游戏显卡  RTX12G 白色双风扇,硕纬图数码专营店
11499.00,2022-09-28,cloud hin i9 10900K/RTX3080ti/3090深度学习主机GPU服务器工作站 含RTX 3060 12G显卡*1 32G内存+512G固态,云轩/Cloudhin旗舰店
6599.00,2022-09-28,未来人类-魔鬼鱼DR522 15.6英寸游戏笔记本电脑(i7-11800H 16G 512G PCIe SSD RTX 3060 144Hz NTSC72%高色域),未来人类游戏本京东自营旗舰店
2399.00,2022-09-28,电竞叛客 AX3050/ 3060 /3070/3080 N卡/电竞专业游戏台式机独立显卡 RTXX2 LHR 白色,世纪丰数码专营店
3039.02,2022-09-28,七彩虹（Colorful） Ti 火神 Ultra W白 永劫无间游戏电竞显卡 【 3060 -12G】 【-12G】Ultra W OC,电子科技海外买手店
1699.00,2022-09-28,华硕微星索泰 影驰七彩虹RTX 3060 TI电竞游戏设计专业独立永劫无间LHR显卡二手显卡 索泰RTX95新,晶瑞二手电脑专营店
2899.00,2022-09-28,影驰 RTX 3060 显卡RTXTi高端台式机电脑电竞游戏吃鸡独立显卡RTX3070光线追踪 RTX星曜 MAX OC永劫版FG,台通电脑DIY专营店
4699.00,2022-09-28,卡利佳 AMD锐龙R7 5800X RTX 3060 /1660S游戏吃鸡台式机组装电脑主机DIY组装机 配置一 ：5800X ＋16G+GTX1650  游戏电竞组装电脑主机,卡利佳旗舰店
1799.00,2022-09-28,华硕微星七彩虹 3060 /ti 3070/3080/3080ti 3090电竞游戏独立二手显卡 七彩虹 网驰  RTX电竞 12G,起航二手电脑专营店
6699.00,2022-09-28,神舟(HASEE)战神G8-TA7NP 17.3英寸游戏笔记本电脑(11代酷睿i7-11800H RTX 3060 6G 16G 512GSSD 144Hz高色域),神舟电脑京东自营旗舰店
1499.00,2022-09-28,影驰 RTX 3060 显卡RTXTi高端台式机电脑电竞游戏吃鸡独立显卡RTX3070光线追踪 GTX1660 SUPER 大将OC,台通电脑DIY专营店
2049.00,2022-09-28,技嘉（GIGABYTE） RTX2060/3050/ 3060 12G/6G/8G显卡台式电脑游戏独显 3050 GAMING OC 8G【魔鹰】,技嘉旗舰店
6999.00,2022-09-28,联想(Lenovo)拯救者刃7000K 2022英特尔酷睿i5游戏电脑主机(12代i5-12400F RTX 3060 12GB LHR显卡 16G DDR5 ),联想京东自营旗舰店
6499.00,2022-09-28,卡利佳 i7 12700F/RTX3050/ 3060 水冷游戏设计台式电脑DIY组装机台式机主机全套 配置一：12700F＋RTX3050-8G 游戏直播台式电脑,卡利佳旗舰店
3799.00,2022-09-28,七彩虹（Colorful） iGame RTX3050 3060 ti OC AD 8G电竞游戏显卡 RTXTi Advanced OC LHR 显卡,七彩虹旗舰店
1669.00,2022-09-28,华硕微星七彩虹RTX 3060 TI 8 12G 电竞游戏设计独立永劫无间LHR显卡二手显卡 索泰RTX99新,小锋二手电脑配件专营店
9099.00,2022-09-28,惠普（HP） 光影精灵8Pro 16.1英寸轻薄游戏暗影精灵144Hz12代酷睿ddr5笔记本电脑 【新12代i7】RTX 3060 +144Hz,惠普中国京东自营官方旗舰店
5499.00,2022-09-28,华硕（ASUS） I5 12400F/RTX 3060 Ti/华硕显卡游戏吃鸡独显台式DIY组装机全家桶 配置二：I5 12400F+RTX12G,朝朝旭海组装电脑旗舰店
7288.00,2022-09-28,机械革命（MECHREVO） 蛟龙5 满血 3060 游戏本 高刷新办公游戏笔记本电脑 R7-5800H/16G/512G【电竞主流】-6G独显直连/130W满血功耗,机械革命栋雄专卖店
7199.00,2022-09-28,机械革命（MECHREVO） 极光Pro/蛟龙5满血 3060 电竞游戏本Z3Pro轻薄设计笔记本电脑 Z3Pro/六核i5/-130W满血/2K 官方标配：16G 512G PCIE高速固态,机械革命授权专卖店
1769.00,2022-09-28,华硕微星七彩虹RTX 3060 TI 8 12G 电竞游戏设计独立永劫无间LHR显卡二手显卡 微星RTX99新,小锋二手电脑配件专营店
9599.00,2022-09-28,宏碁(Acer)暗影骑士·龙 15.6/17.3英寸 高色域游戏笔记本电脑 AMD新锐龙独显游戏本 R7-5800H/16G/1T/ 3060 /17.3,宏碁电脑京东自营旗舰店
2899.00,2022-09-28,NVIDIA 深度学习 GPU 显卡 人工智能 AI并行运算显卡 RTX3090 涡轮 显卡 （简包）RTX 3060 12GB涡轮显卡,云轩/Cloudhin旗舰店
3399.00,2022-09-28,微星（MSI） 微星 RTX 3060 Ti魔龙 电竞游戏显卡台式机独显赛博朋克2077锁算力 【RTXTi-魔龙X-8G-LHR】,微星显卡外设旗舰店
3999.00,2022-09-28,华硕（ASUS） ROG/TUF/ 3060 Ti/3070Tiats3050电脑吃鸡游戏电竞独立显卡 TUF-RTX-O12G-V2GAMING,锐星电脑DIY旗舰店
1349.00,2022-10-06,磐镭 1650/2060/2070/2080s/ 3060 ti/3070/3080台式机专业游戏显卡 gtx1660super 6g,磐镭数码官方旗舰店
2799.00,2022-10-06,微星（MSI）魔龙Z GeForce RTX 3060 GAMING Z TRIO 12G 超频版 旗舰款 电竞游戏设计专业电脑显卡,微星京东自营旗舰店
2699.00,2022-10-06,七彩虹（Colorful）iGame GeForce RTX 3060 Customization OC 12G L 玩家定制游戏电竞显卡,七彩虹京东自营旗舰店
2688.00,2022-10-06,微星（MSI）万图师 GeForce RTX 3060 VENTUS 2X 12G OC 超频版 双风扇 电竞游戏设计专业电脑显卡,微星京东自营旗舰店
2799.00,2022-10-06,七彩虹（Colorful）iGame GeForce RTX 3060 Ultra W OC 12G L 1822MHz GDDR6电竞游戏光追电脑独立显卡,七彩虹京东自营旗舰店
2799.00,2022-10-06,铭瑄（MAXSUN） RTX 3060 电竞之心OC 12G超频版游戏显卡赛博朋克2077高性能独立显卡 铭瑄电竞之心OC12G,铭瑄官方旗舰店
2599.00,2022-10-06,铭鑫（MINGXIN） RTX 3060 12GD6 炫彩版 电竞/游戏/台式机/升级/独显/流畅吃鸡 铭鑫视界风RTX12GBD6-双风扇,铭鑫官方旗舰店
2479.00,2022-10-06,昂达（ONDA）RTX 3060 神盾12GD6  12GB大显存GDDR6 PCI-E 4.0 电竞游戏设计专业电脑 显卡,昂达（ONDA）京东自营旗舰店
2699.00,2022-10-06,技嘉（GIGABYTE）风魔GeForce RTX 3060 WindForce OC 12G 电竞游戏设计智能学习电脑独立显卡,技嘉京东自营官方旗舰店
2699.00,2022-10-06,铭瑄（MAXSUN）MS-GeForce RTX 3060 iCraft OC 12G  电竞之心超频版游戏显卡 赛博朋克2077,铭瑄京东自营旗舰店
2299.00,2022-10-06,技嘉（GIGABYTE） RTX2060/3050/ 3060 12G/6G/8G显卡台式电脑游戏独显 3050 8G魔鹰+550W电源,技嘉旗舰店
2499.00,2022-10-06,盈通（yeston）GeForce RTX 3060 -12G D6 大地之神 1320-1777MHz 电竞游戏光追独立显卡,盈通显卡京东自营旗舰店
3399.00,2022-10-06,技嘉魔鹰RTX 3060 Ti GAMING OC显卡,技嘉京东自营官方旗舰店
1729.00,2022-10-06,华硕 微星 技嘉 七彩虹 索泰 影驰 RTX 3060 12G台式机电脑游戏独立显卡二手显卡 七彩虹RTX12G三风扇白色 95新,游卡一族二手显卡专营店
2249.00,2022-10-06,七彩虹（Colorful） iGame RTX3050 3060 ti OC AD 8G电竞游戏显卡 RTX 3050 Ultra W OC 8G 显卡,七彩虹旗舰店
2899.00,2022-10-06,技嘉魔鹰 GIGABYTE GeForce RTX 3060 GAMING OC 12G 2.0版本电竞游戏设计智能学习电脑独立显卡支持4K,技嘉京东自营官方旗舰店
1609.00,2022-10-06,华硕微星七彩虹RTX 3060 TI 8 12G 电竞游戏设计独立永劫无间LHR显卡二手显卡 七彩虹RTXUltra WOC12G,小锋二手电脑配件专营店
2499.00,2022-10-06,铭瑄（MAXSUN） RTX 3060 电竞之心OC 12G超频版游戏显卡赛博朋克2077高性能独立显卡 铭瑄终结者12G,铭瑄官方旗舰店
2999.00,2022-10-06,电竞叛客 AX RTX 3060 TI 台式机独立显卡 吃鸡电竞专业发烧游戏电脑显卡独显 图形设计运算 RTXTi X2 W LHR,电竞叛客旗舰店
1769.00,2022-10-06,华硕微星七彩虹RTX 3060 TI 8 12G 电竞游戏设计独立永劫无间LHR显卡二手显卡 七彩虹RTX-12G双风扇 99新,小锋二手电脑配件专营店
1689.00,2022-10-06,华硕微星索泰 影驰七彩虹RTX 3060 TI电竞游戏设计专业独立永劫无间LHR显卡二手显卡 七彩虹RTX-UT 95新,晶瑞二手电脑专营店
2899.00,2022-10-06,铭瑄（MAXSUN） RTX 3060 电竞之心12G超频设计智能学习电竞游戏光追超频OC独立显卡 RTXiCraft OC 12G,铭瑄电脑配件京东自营旗舰店
1629.00,2022-10-06,华硕七彩虹影驰技嘉 拆机英伟达RTX 3060 Ti 无锁吃鸡游设计专业显卡 畅爽体验二手显卡 影驰RTX-12G-大将 95新,腾卓二手电脑专营店
1599.00,2022-10-06,华硕微星索泰 影驰七彩虹RTX 3060 TI电竞游戏设计专业独立永劫无间LHR显卡二手显卡 七彩虹RTX-12G三风扇战斧-95新 95成新,乐豪二手电脑配件专营店
2499.00,2022-10-06,电竞叛客台式机电脑独立显卡RTX 3060 电竞游戏显卡12G,电竞叛客旗舰店
1629.00,2022-10-06,华硕七彩虹影驰技嘉 拆机英伟达RTX 3060 Ti 无锁吃鸡游设计专业显卡 畅爽体验二手显卡 七彩虹RTX-12G 95新,腾卓二手电脑专营店
1999.00,2022-10-06,华硕微星七彩虹RTX 3060 TI 8 12G有锁无锁版 电竞设计专业独立永劫无间LHR显卡二手显卡 七彩虹RTXTI 95新 95新,腾卓二手电脑专营店
1799.00,2022-10-06,华硕技嘉微星七彩虹RTX 3060 TI-8G-12GLHR台式机组装机专业设计游戏95新二手显卡 微星RTXTI-8G魔龙,发烧DIY 二手电脑专营店
2899.00,2022-10-06,七彩虹（Colorful) iGame GeForce RTX 3060 Advanced OC 12G L 1867MHz GDDR6电竞游戏光追电脑独立显卡,七彩虹京东自营旗舰店
2799.00,2022-10-06,影驰（Galaxy）GeForce RTX 3060 12G FG N卡电竞专业电脑游戏显卡RTX金属大师MINI FG+黑将M.2 250G套装,影驰京东自营旗舰店
2399.00,2022-10-06,电竞叛客 AX RTX 3060 \/TI N卡 电竞专业游戏独立显卡 图形图像编辑 RTXX2 W LHR,腾飞电脑配件专营店
1999.00,2022-10-06,华硕七彩虹影驰技嘉 拆机英伟达RTX 3060 Ti 无锁吃鸡游设计专业显卡 畅爽体验二手显卡 七彩虹RTXTi 95新,腾卓二手电脑专营店
2549.00,2022-10-06,盈通（yeston）GeForce RTX 3060 -12G D6 萌宠 1320-1777MHz 电竞游戏光追独立显卡,盈通显卡京东自营旗舰店
1669.00,2022-10-06,华硕微星七彩虹RTX 3060 TI 8 12G 电竞游戏设计独立永劫无间LHR显卡二手显卡 微星RTX99新,小锋二手电脑配件专营店
1599.00,2022-10-06,华硕微星七彩虹RTX 3060 TI 8 12G有锁无锁版 电竞设计专业独立永劫无间LHR显卡二手显卡 七彩虹RTX-12G三风扇战斧锁 95新 95新,腾卓二手电脑专营店
3299.00,2022-10-06,电竞叛客 AX RTX 3060 TI 台式机独立显卡 吃鸡电竞专业发烧游戏电脑显卡独显 图形设计运算Ti X2W L+鑫谷650W金牌全模组,电竞叛客旗舰店
568.00,2022-10-06,华硕/微星/技嘉GTX1060/1070Ti/2060/ 3060 Ti高清特效吃鸡游戏二手独立显卡 影驰GTX1060 3G 三风扇,盛拓二手电脑专营店
2599.00,2022-10-06,磐镭 RTX 3060 /TI 显卡 GDDR6台式机独立显卡 办公游戏/图形设计/专业电脑独显 【RTX-12G】主流游戏/性价比优选,磐镭电脑组件京东自营旗舰店
2049.00,2022-10-06,华硕微星七彩虹RTX 3060 TI 8 12G 电竞游戏设计独立永劫无间LHR显卡二手显卡 七彩虹RTXTI WOC  99新,小锋二手电脑配件专营店
1649.00,2022-10-06,华硕 微星 技嘉 七彩虹 索泰 影驰 RTX 3060 12G台式机电脑游戏独立显卡二手显卡 华硕RTX12G 95新,游卡一族二手显卡专营店
1669.00,2022-10-06,华硕微星七彩虹RTX 3060 TI 8 12G 电竞游戏设计独立永劫无间LHR显卡二手显卡 华硕RTX99新,小锋二手电脑配件专营店
1699.00,2022-10-06,华硕微星七彩虹RTX 3060 TI 8 12G 电竞游戏设计独立永劫无间LHR显卡二手显卡 微星RTX-12G双风扇 万图师 99新,小锋二手电脑配件专营店
7999.00,2022-10-06,华硕天选3 锐龙版15.6英寸游戏本笔记本电脑(R7-6800H 16G 512G RTX 3060 144Hz 100%sRGB高色域电竞屏)灰,华硕京东自营官方旗舰店
1899.00,2022-10-06,耕升（GAINWARD） RTX 3060 12G拆机/样品显卡电脑台式机GPU显示适配器组装机显卡Ti 8G一二线品牌随机,创亿宏业办公专营店
2899.99,2022-10-06,技嘉 RTX 3060 /Ti GAMING/VISION OC 12G魔鹰白色雪鹰小雕游戏显卡VISION OC 12G【雪鹰2.0】,技嘉旗舰店
1689.00,2022-10-06,华硕微星七彩虹RTX 3060 TI 8 12G有锁无锁版 电竞设计专业独立永劫无间LHR显卡二手显卡 微星RTX-12G双风扇锁 95新 95新,腾卓二手电脑专营店
1599.00,2022-10-06,华硕七彩虹影驰技嘉 拆机英伟达RTX 3060 Ti 无锁吃鸡游设计专业显卡 畅爽体验二手显卡 七彩虹RTX-12G-战斧 95新,腾卓二手电脑专营店
2569.00,2022-10-06,盈通（yeston） RTX 3060 12GB GDDR6 台式机电脑电竞游戏显卡 RTX12G D6 六道兵甲,yeston盈通旗舰店
6288.00,2022-10-06,RTX 3060 独显+1TB固态+酷睿i5-11400,神舟大本航专卖店
1659.00,2022-10-06,华硕七彩虹影驰技嘉 拆机英伟达RTX 3060 Ti 无锁吃鸡游设计专业显卡 畅爽体验二手显卡 微星RTX-12G-万图师 95新,腾卓二手电脑专营店
2499.00,2022-10-06,盈通（yeston） RTX 3060 12GB GDDR6 台式机电脑电竞游戏显卡 RTX12G D6 萌宠版,yeston盈通旗舰店
1719.00,2022-10-06,华硕七彩虹影驰技嘉 拆机英伟达RTX 3060 Ti 无锁吃鸡游设计专业显卡 畅爽体验二手显卡 华硕RTXTUF-Gaming 95新,腾卓二手电脑专营店
2358.00,2022-10-06,七彩虹战斧 GeForce RTX 3060 DUO 12G 三风扇游戏显卡 七彩虹RTX三风扇白色联保二年,铭速二手电脑专营店
2799.00,2022-10-06,技嘉猎鹰 GIGABYTE GeForce RTX 3060 EAGLE OC 12G 2.0 游戏显卡,技嘉京东自营官方旗舰店
2499.00,2022-10-06,盈通（yeston） RTX3050/ 3060 游戏显卡台式机电脑独立显卡 RTX六道兵甲 12G,奥都数码专营店
2999.00,2022-10-06,七彩虹（COLORFUL） RTX 3060 ti Ultra W OC 3070 AD电竞游戏显卡 RTXULTRA W OC 12G,Colorfire旗舰店
1769.00,2022-10-06,华硕微星七彩虹RTX 3060 TI 8 12G 电竞游戏设计独立永劫无间LHR显卡二手显卡 七彩虹RTXAD 99新,小锋二手电脑配件专营店
2599.00,2022-10-06,影驰（Galaxy）GeForce RTX 3060 12G FG N卡电竞专业台式机电脑游戏显卡RTX骁将FG+鼠标垫套装,影驰京东自营旗舰店
2899.00,2022-10-06,华硕 ASUS DUAL  GeForce RTX 3060 -O12G-V2 电竞游戏专业独立显卡,华硕京东自营旗舰店
1599.00,2022-10-06,华硕微星索泰 影驰七彩虹RTX 3060 TI电竞游戏设计专业独立永劫无间LHR显卡二手显卡 七彩虹RTX-12G三风扇战斧 95新,晶瑞二手电脑专营店
9099.00,2022-10-06,华硕天选3 12代酷睿i7 15.6英寸游戏笔记本电脑(i7-12700H 16G 512G RTX 3060 2.5K 165Hz 100%P3)灰,华硕京东自营官方旗舰店
3199.00,2022-10-06,技嘉风魔GeForce RTX 3060 Ti WindForce OC 8G 电竞游戏设计智能学习电脑独立显卡,技嘉京东自营官方旗舰店
2899.00,2022-10-06,华硕 ASUS ATS  GeForce RTX 3060 -O12G-GAMING  巨齿鲨系列电竞游戏专业独立显卡,华硕京东自营旗舰店
3799.00,2022-10-06,七彩虹（Colorful） iGame RTX3050 3060 ti OC AD 8G电竞游戏显卡  RTXTi Ultra W白 LHR 锁 显卡,七彩虹旗舰店
2749.00,2022-10-06,七彩虹（Colorful） iGame RTX3050 3060 ti OC AD 8G电竞游戏显卡 战斧RTXDUO 12G V2 L 显卡,七彩虹旗舰店
2999.00,2022-10-06,盈通（yeston）GeForce RTX 3060 Ti -8G D6 大地之神 电竞游戏光追专业独立显卡,盈通显卡京东自营旗舰店
6799.00,2022-10-06,华硕天选2 15.6英寸游戏笔记本电脑(新锐龙 7nm 8核R7-5800H 16G 512G RTX 3060 144Hz 100%sRGB高色域)青,华硕京东自营官方旗舰店
2849.00,2022-10-06,索泰（ZOTAC） RTX 3060 /RTXTi 天启OC 电竞游戏吃鸡显卡台式机独立显卡 RTXPGF XGOC  12G 锁,瑞达中腾官方旗舰店
2599.00,2022-10-06,盈通（yeston）GeForce RTX 3060 -12G D6 六道兵甲 1320-1777MHz 电竞游戏光追独立显卡,盈通显卡京东自营旗舰店
3999.00,2022-10-06,微星（MSI） RTX2060 3060 Ti魔龙万图师电竞游戏专业设计直播台式电脑独立显卡 RTXTi 魔龙X 8G LHR,微星电脑硬件旗舰店
2649.00,2022-10-06,镭风（Colorfire）GeForce RTX 3060 清凉薄荷 OC 12G L 1777Mhz电竞游戏独立显卡（七彩虹旗下子品牌）,镭风（Colorfire）京东自营旗舰店
2749.00,2022-10-06,七彩虹（Colorful）iGame GeForce RTX 3060 Mini OC 12G L 1792MHz 简约小巧ITX小机箱游戏显卡,七彩虹京东自营旗舰店
3299.00,2022-10-06,铭鑫（MINGXIN） RTX 3060 TI 炫彩版 游戏/电竞/AI/深度学习/光追/升级/独立显卡 RTXTi 8GBD6-双风扇,铭鑫官方旗舰店
3099.00,2022-10-06,七彩虹（Colorful） iGame RTX 3060 AD W OC 12G白色 电竞游戏电脑显卡 RTXAdvanced OC L,七彩虹旗舰店
7099.00,2022-10-06,机械革命游戏笔记本电脑 新Z3Pro 2022款极光 满血 3060 -6G独显直连轻薄电竞设计 旗舰店 i5-11260H 16G 512G 144HZ 15.6英寸,机械革命游戏本京东自营旗舰店
2599.00,2022-10-06,电竞叛客 AX 台式机电脑独立显卡RTX 3060 12G 图形设计专业运算独显 电竞吃鸡游戏光追显卡 RTXX3 W LHR,电竞叛客旗舰店
1699.00,2022-10-06,耕升（GAINWARD） RTX 3060 12G拆机/样品显卡电脑台式机GPU显示适配器组装机显卡 RTX白色一二线品牌随机,创亿宏业办公专营店
3599.00,2022-10-06,微星（MSI）魔龙Z GeForce RTX 3060 Ti GAMING Z TRIO 8G LHR 超频版 旗舰款 电竞游戏设计专业电脑显卡,微星京东自营旗舰店
1589.00,2022-10-06,华硕七彩虹影驰技嘉 拆机英伟达RTX 3060 Ti 无锁吃鸡游设计专业显卡 畅爽体验二手显卡 七彩虹RTX-12G-战斧 95新,电竞之眼二手电脑专营店
1699.00,2022-10-06,华硕微星影驰RTX 3060 3070 3080 3090无锁永劫无游戏设计专业显卡 二手显卡95新 技嘉RTX12G,乐豪二手电脑配件专营店
1499.00,2022-10-06,影驰 RTX 3060 显卡RTXTi高端台式机电脑电竞游戏吃鸡独立显卡RTX3070光线追踪 GTX1660 SUPER 大将OC,台通电脑DIY专营店
2899.00,2022-10-06,技嘉雪鹰（GIGABYTE）GeForce RTX 3060 VISION OC 12G 2.0版本竞游戏设计智能学习电脑独立显卡,技嘉京东自营官方旗舰店
2599.00,2022-10-06,耕升（GAINWARD） RTX 3060 /TI 电脑游戏独立显卡 RTX星极绿晶OCG,耕升旗舰店
9299.00,2022-10-06,ROG魔霸新锐2022 15.6英寸2.5K 165Hz游戏本笔记本电脑(R9-6900HX  液金导热 16G 512G RTX 3060 140W),玩家国度ROG京东自营官方旗舰店
1599.00,2022-10-06,华硕微星七彩虹RTX 3060 TI 8 12G有锁无锁版 电竞设计专业独立永劫无间LHR显卡二手显卡 耕升RTX-12G,电竞之眼二手电脑专营店
8399.00,2022-10-06,联想笔记本电脑 拯救者R9000P 16英寸高性能电竞游戏本(标压 8核 R7-5800H 16G 512G RTX 3060 2.5k屏 165Hz),联想京东自营旗舰店
3599.00,2022-10-06,影驰 （Galaxy）GeForce RTX 3060 Ti 8G N卡\\\/电竞专业台式电脑游戏显卡TI星曜OC(锁算力),影驰旗舰店
7099.00,2022-10-06,机械革命游戏笔记本电脑 2022款新极光E 12代酷睿极光Air 轻薄电竞屏 MECHREVO旗舰店 新极光E丨12代i5 3060 144Hz屏 16G  512G PCIE,机械革命游戏本京东自营旗舰店
1699.00,2022-10-06,华硕微星索泰 影驰七彩虹RTX 3060 TI电竞游戏设计专业独立永劫无间LHR显卡二手显卡 微星RTX-12G魔龙GAMING 95新,晶瑞二手电脑专营店
3299.00,2022-10-06,七彩虹（Colorful） iGame RTX 3060 Ti 白色/火神 OC 8G电竞游戏显卡 RTXTi DUO V2 战斧LHR 【电竞玩家】,邻竞官方旗舰店
3099.00,2022-10-06,微星（MSI） 微星 RTX 3060 Ti魔龙 电竞游戏显卡台式机独显赛博朋克2077锁算力 【RTX-魔龙Z-TRIO-LHR】,微星显卡外设旗舰店
8299.00,2022-10-06,宏碁（acer） 暗影骑士·擎笔记本电脑 15.6英寸电竞屏512G硬盘高色域游戏本独立显卡 新i5-12500H|RTX 3060 |6G独显,宏碁电脑京东自营旗舰店
2649.00,2022-10-06,梅捷（SOYO）SY-GeForce RTX 3060 燚龙 12G 电竞游戏/设计/光追/人工智能/深度学习 电脑独立显卡,梅捷（SOYO）京东自营旗舰店
7099.00,2022-10-06,"机械革命蛟龙5增强版 2022款游戏笔记本电脑 满血 3060 高性能独显直连 高刷电竞屏 旗舰店 15.6"" R5 16G 512G满血版",机械革命游戏本京东自营旗舰店
1759.00,2022-10-06,耕升（GAINWARD） RTX 3060 12G拆机/样品显卡电脑台式机GPU显示适配器组装机显卡 【-12G 】三风扇一二线品牌随机,创亿宏业办公专营店
3099.00,2022-10-06,七彩虹（Colorful） iGame RTX3050 3060 ti OC AD 8G电竞游戏显卡 RTXAdvanced  OC L 显卡,七彩虹旗舰店
2599.00,2022-10-06,【RTX 3060 -12G】电竞游戏图形设计甜品级光追独立显卡,磐镭电脑组件京东自营旗舰店
999.00,2022-10-06,耕升（GAINWARD） RTX 3060 12G拆机/样品显卡电脑台式机GPU显示适配器组装机显卡 【2060 6G】三风扇一二线品牌随机,创亿宏业办公专营店
10099.00,2022-10-06,联想（Lenovo） 拯救者Y9000P 2022 16英寸游戏笔记本电脑 i9-12900H RTX 3060 冰魄白,联想京东自营官方旗舰店
6399.00,2022-10-06,神舟（HASEE） 战神Z7/Z8/T8 RTX3050/ 3060 满血独显游戏本学生办公笔记本电脑 Z8-TA5电竞版 i5/16/512G/官方授权 两年质保,神舟电脑专卖店
3499.99,2022-10-06,技嘉（GIGABYTE） MASTER超级雕/ELITE小雕2.0 电竞游戏显卡 RTX 3060 Ti AORUS E 8G小雕2.0,技嘉旗舰店
2899.00,2022-10-06,网易严选GeForce RTX 3060 /3070/TI 12g/8g显存 网易永劫无间联名游戏显卡 RTX12G豪华版,网易严选官方旗舰店
8299.00,2022-10-06,宏碁（acer） 【12代 3060 】暗影骑士擎Pro/龙 2022轻刃 掠夺者战斧300 网课电竞游戏本 掠夺者17.3丨i9-11900H 满血电竞版：16G 512G固态硬盘,宏碁Acer硕和专卖店
2999.00,2022-10-06,技嘉小雕（GIGABYTE）AORUS GeForce RTX 3060 ELITE 12G 2.0版本竞游戏设计智能学习电脑独立显卡,技嘉京东自营官方旗舰店
7775.00,2022-10-06,玩家战神 RTX 3060 笔记本电脑游戏本12代酷睿独显i7满血版高端轻薄本高性能大屏电竞学生力荐 11代i5桌面级8G独显RTX3070/144Hz 8G内存/512G PCI-E固态硬盘,玩家战神笔记本官方旗舰店
2999.00,2022-10-06,影驰（Galaxy）GeForce RTX 3060 金属大师 MAX OC[FG] 12GB N卡/电竞专业游戏显卡,影驰京东自营旗舰店
8799.00,2022-10-06,机械革命新极光Pro 2022款 游戏笔记本电脑 新12代酷睿高性能轻薄电竞 MECHREVO旗舰店 新i9-12900H 3060 16G 512G 240Hz 2.5K电竞屏,机械革命游戏本京东自营旗舰店
3199.00,2022-10-06,影驰 RTX 3060 显卡RTXTi高端台式机电脑电竞游戏吃鸡独立显卡RTX3070光线追踪 RTXTI星曜OC FG,台通电脑DIY专营店
10499.00,2022-10-06,ROG幻16 2022 第12代英特尔酷睿16英寸设计师高性能游戏笔记本电脑(i7-12700H 16G 512G RTX 3060 2.5K165Hz),玩家国度ROG京东自营官方旗舰店
3399.00,2022-10-06,技嘉魔鹰PRO GIGABYTE GeForce RTX 3060 Ti GAMING OC PRO  8G游戏显卡赛博朋克2077,技嘉京东自营官方旗舰店
7399.00,2022-10-06,雷神（ThundeRobot） 911MT暗杀星4[ 3060 可选]酷睿i7-12700H游戏笔记本 I5-12450/16G/512/3050Ti,Thunderobot雷神旗舰店
8999.00,2022-10-06,联想笔记本电脑拯救者R9000K 16英寸高性能学生游戏本(标压 8核 R7-5800H 16G 1T RTX 3060 2.5k 165Hz电竞屏),联想京东自营旗舰店
7999.00,2022-10-06,小米 Redmi G Pro 锐龙版 2.5K 240hz 游戏本笔记本电脑(R7-6800H 16G 512G RTX 3060 100%sRGB高色域电竞屏),小米京东自营旗舰店
2949.00,2022-10-06,七彩虹（Colorful） iGame RTX 3060 AD W OC 12G白色 电竞游戏电脑显卡 战斧 RTX12G 豪华版 L,七彩虹旗舰店
2399.00,2022-10-06,磐镭 1650/2060/2070/2080s/ 3060 ti/3070/3080台式机专业游戏显卡 rtx2070super 8g,磐镭数码官方旗舰店
7499.00,2022-10-06,雷神（ThundeRobot） 911MT黑武士4 15.6英寸独显轻薄游戏设计师笔记本电脑 i5-11260H/ 3060 /16G/144HZ,雷神京东自营旗舰店
6288.00,2022-10-06,神舟（HASEE） 战神Z7-DA5/7/NS/TX8/RTX3050/ 3060 独显游戏本笔记本电脑 TX8-CA酷睿i5/RTX独显【游戏版】 16G内存+1TB固态/升级版,神舟大本航专卖店
6799.00,2022-10-06,机械革命（MECHREVO） Z3Pro 新品 3060 满血版15.6英寸商务办公本学生电竞游戏电脑 六核i5/RTX满血直连/144Hz 官方标配：16G/512G PCIe高速固态,机械革命授权专卖店
2799.00,2022-10-06,铭瑄（MAXSUN） RTX 3060 电竞之心12G超频设计智能学习电竞游戏光追超频OC独立显卡 RTX终结者 12G,铭瑄电脑配件京东自营旗舰店
2899.00,2022-10-06,网易严选 显卡 GeForce RTX 3060 12G  网易永劫无间显卡 超强散热电脑游戏显卡 GeForce RTX12G,网易严选官方旗舰店
2699.00,2022-10-06,索泰（ZOTAC） RTX 3060 /Ti 天启PGF电竞游戏电脑独立显卡专业 RTX12GD6 PGF GOC,腾飞电脑配件专营店
2969.00,2022-10-06,七彩虹（Colorful） iGame RTX3050 3060 ti OC AD 8G电竞游戏显卡 RTXUltra W OC  L锁 显卡,七彩虹旗舰店
8799.00,2022-10-06,微星（MSI） 神枪手15|17游戏本彩虹六号联名款笔记本电脑 满血 3060 显卡 i7-12700H 15.6/16G内存/512G固态/2.5K165,微星电脑京东自营旗舰店
2999.00,2022-10-06,耕升（GAINWARD） RTX 3060 /TI 电脑游戏独立显卡 RTXTi G,耕升旗舰店
8399.00,2022-10-06,华硕（ASUS） 华硕天选3锐龙版15.6英寸八核处理器高色域电竞游戏学生吃鸡办公轻薄手提笔记本电脑 青 R7-6800H |RTX 3060 144Hz 官方标配 16G内存+512G固态,华硕崇硕专卖店
150.00,2022-10-06,【二手9成新】影驰2060 3060 多种显卡型号 光线追踪独立游戏显卡 租显卡白条出租 租赁显卡10天租金,快趣乐租二手商品专营店
7499.00,2022-10-06,雷神（ThundeRobot） 911MT黑武士4 15.6英寸独显轻薄游戏设计师笔记本电脑 i5-11260H/ 3060 /16G/144HZ,雷神京东自营旗舰店
7999.00,2022-10-06,惠普(HP)暗影精灵8Pro 16.1英寸游戏本电脑(AMD R7-6800H RTX 3060 6G独显 16G 512GSSD 2.5K 165Hz),惠普（HP）OMEN暗影精灵京东自营旗舰店
3399.99,2022-10-06,技嘉 RTX雪鹰白色系列显卡 台式机电脑独显 游戏/设计/渲染/AI深度学习 算力计算 3060 Ti VISION OC 8G 雪鹰2.0,技嘉旗舰店
3099.00,2022-10-06,华硕（ASUS） TUF GeForce RTX 3060 -O12G-V2-GAMING 电竞显卡 电竞显卡,华硕（ASUS）京东自营官方旗舰店
2799.00,2022-10-06,七彩虹（Colorful） RTX 3060 /Ti 火神/白色 Ultra W 电竞游戏电脑显卡 RTXUltra OC W L 【支持个人送保】,邻竞官方旗舰店
10099.00,2022-10-06,联想（Lenovo） 拯救者Y9000P 2022 16英寸游戏笔记本电脑 i7-12700H 512G RTX 3060 ,联想京东自营官方旗舰店
2399.00,2022-10-06,盈通（yeston） RTX3050/ 3060 游戏显卡台式机电脑独立显卡N卡 RTX大地之神 12G,世纪丰数码专营店
3859.00,2022-10-06,映众（Inno3D）RTX 3060 Ti 黑金至尊版OC LHR 8GB GDDR6 显卡/台式机/游戏/电竞/绘图/设计/AI/独立显卡,映众京东自营旗舰店
7599.00,2022-10-06,2022款全新锐龙AMD高端满血 3060 支持独显直连电竞游戏本旗舰店 R7-5800H/16G/512G【性价比之选】 【满血RTX独显直连】15.6英寸电竞屏,机械革命旗舰店
8399.00,2022-10-06,机械革命新极光Pro 2022款 游戏笔记本电脑 新12代酷睿高性能轻薄电竞 MECHREVO旗舰店 新i7-12700H 3060 16G 512G 240Hz 2.5K电竞屏,机械革命游戏本京东自营旗舰店
8869.00,2022-10-06,华硕天选3 第12代酷睿i7 高颜值高性能电竞高端游戏本笔记本电脑 【热推】日蚀灰i7-12700H RTX 3060 16G内存 512G高速固态  2.5K 165Hz 100%P3色域,华硕电脑官方旗舰店
6799.00,2022-10-06,机械革命（MECHREVO） 极光Air ！Z3Pro15.6英寸144Hz电竞轻薄游戏笔记本电脑 酷睿i5-RTX 3060 /6G独显  16G内存512G高速固态,机械革命电脑整机旗舰店
8799.00,2022-10-06,雷神（ThundeRobot） 911M创作大师ZERO 16英寸独显轻薄游戏设计师专用笔记本电脑 i7-11800H/ 3060 /16G/512G原装,雷神京东自营旗舰店
2999.99,2022-10-06,技嘉（GIGABYTE） MASTER超级雕/ELITE小雕2.0 电竞游戏显卡 RTX 3060 AORUS ELITE 12G小雕2.0,技嘉旗舰店
6199.00,2022-10-06,RTX 3060 独显游戏本11代酷睿i7i9八核金属笔记本电脑商务办公学生轻薄本领睿电竞高性能设计渲染 i9-9880H(八核超频)/GTX1650独显 512G固态硬盘 16G内存,领睿旗舰店
8799.00,2022-10-06,微星（MSI） 【微星旗舰店】神枪手12代酷睿i7笔记本电脑游戏本 3060 学生办公本  i7-12700H丨RTX丨15.6 16GB内存 512GB固态硬盘,微星旗舰店
4499.00,2022-10-06,机械师T58吃鸡游戏 3060 满血锐龙独显二手笔记本电脑学生设计游戏本 机械师 i5-11260H 16 512 3050 官方优品 支持验机 95成新,蓝新晏二手电脑专营店
2998.00,2022-10-06,华硕（ASUS） TUF-RTX 3060 -O12G-V2-GAMING 赛博朋克 电竞游戏独立显卡 TUF-RTX-O12G-V2单显卡,华硕电脑配件专卖店
9299.00,2022-10-06,ROG魔霸新锐2022 15.6英寸2.5K 165Hz游戏本笔记本电脑(R9-6900HX  液金导热 16G 512G RTX 3060 140W),玩家国度ROG京东自营官方旗舰店
6999.00,2022-10-06,机械革命(MECHREVO)Umi Pro3 高性能电竞轻薄设计游戏笔记本电脑（i7-11800H 16G 512G RTX 3060 165HZ 2.5K）,机械革命京东自营官方旗舰店
3299.00,2022-10-06,微星（MSI）万图师 GeForce RTX 3060 Ti VENTUS 2X 8G OCV1 LHR 超频版 双风扇 电竞游戏设计专业电脑显卡,微星京东自营旗舰店
5399.00,2022-10-06,玩家战神 RTX 3060 笔记本电脑游戏本12代酷睿独显i7满血版高端轻薄本高性能大屏电竞学生力荐 11代酷睿i7/MX450满血独显/2.5K高清屏 16G内存/512G PCI-E固态硬盘,玩家战神笔记本官方旗舰店
6998.00,2022-10-06,2022款全新锐龙AMD高端满血 3060 支持独显直连电竞游戏本旗舰店 R5-5600H/16G/512G【店长推荐】 【满血RTX独显直连】15.6英寸电竞屏,机械革命旗舰店
1699.00,2022-10-06,耕升（GAINWARD） RTX 3060 12G拆机/样品显卡电脑台式机GPU显示适配器组装机显卡 【-12G 】双风扇一二线品牌随机,创亿宏业办公专营店
9299.00,2022-10-06,ROG魔霸新锐2022 15.6英寸2.5K 165Hz游戏本笔记本电脑(R9-6900HX  液金导热 16G 512G RTX 3060 140W),玩家国度ROG京东自营官方旗舰店
8999.00,2022-10-06,宏碁 暗影骑士·擎Pro 15.6英寸2.5K屏游戏笔记本电脑 DDS独显直连2.0(12代i9-12900H 16G-DDR5 512G RTX 3060 ),宏碁京东自营旗舰店
8999.00,2022-10-06,联想（Lenovo） 拯救者R9000P游戏笔记本电脑满血版 3060 电竞独显锐龙R7-5800H八核 16G内存 512G固态 标配版 16英寸专业电竞屏｜2.5K超清｜ 165Hz高刷,联想西南授权专卖店
2799.00,2022-10-06,华硕（ASUS） RTX 3060 Ti/系列显卡吃鸡电竞游戏显卡RTX显卡 ATS-RTX-012G-巨齿鲨LHR,瑞达中腾官方旗舰店
2899.00,2022-10-06,华硕（ASUS） ROG/TUF RTX 3060 TI/RTX电竞特工台式机电脑游戏独立显卡 TUF-RTX-O12G-V2电竞特工,斯兰达官方旗舰店
2599.00,2022-10-06,铭鑫（MINGXIN） RTX 3060 12GD6 炫彩版 电竞/游戏/台式机/升级/独显/流畅吃鸡 铭鑫视界风RTX12GBD6-双风扇,铭鑫官方旗舰店
8768.00,2022-10-06,惠普（HP） 暗影精灵8暗影精灵8Pro【2022 3060 】吃鸡电竞游戏本学生赛博朋克笔记本电脑暗夜精灵 光影8 12代i5 RTX/电竞屏 傲世版：16G内存/1T高速固态 定制,惠普蓝星专卖店
9099.00,2022-10-06,惠普（hp） 光影精灵8代【2022新款】12代酷睿游戏笔记本16.1英寸暗影暗夜学生电竞版 i7-12700h十四核【 3060 6g】电竞屏 标配：16g内存/512g固态 16.1英寸 黑,惠普电脑授权专卖店
7999.00,2022-10-06,微星（MSI） Stealth 15M游戏本 酷睿i7 笔记本电脑 15.6英寸144Hz电竞屏 灰色/i7-11375H/RTX 3060 16G内存/512G固态,微星电脑京东自营旗舰店
3999.00,2022-10-06,微星（MSI） RTX2060 3060 Ti魔龙万图师电竞游戏专业设计直播台式电脑独立显卡 RTXTi 魔龙Z TRIO 8G LHR,微星电脑硬件旗舰店
7599.00,2022-10-06,机械师F117毒药 2K高端游戏本酷睿i7-11800H八核RTX 3060 独立显卡轻薄笔记本电脑 加强版16G/512G PCIE高速固态,MACHENIKE机械师旗舰店
7299.00,2022-10-06,七彩虹（Colorful） 将星X15游戏本15.6英寸144Hz高端电竞笔记本电脑（开增值税专票） 标配版：12代i5+ 3060 +16G+512G,七彩虹电脑旗舰店
10399.00,2022-10-06,联想拯救者Y9000P 2022电竞游戏笔记本电脑 RTX 3060 独显 12代酷睿十四核 i9-12900H 16G 512G固态 标配版 16英寸 2.5K超高清｜165Hz专业电竞屏,联想华东授权专卖店
2579.00,2022-10-06,华硕（ASUS） 华硕 TUF/巨齿鲨/猛禽ROG-RTX 3060 -12G 台式机电竞游戏独立显卡 DUAL-RTX-O12G-V2,华硕极客盟专卖店
2069.00,2022-10-06,华硕微星七彩虹RTX 3060 TI 8 12G 电竞游戏设计独立永劫无间LHR显卡二手显卡 Rog RTX猛禽 99新,小锋二手电脑配件专营店
2889.00,2022-10-06,影驰 RTX 3060 系列 N卡nvidia芯片电竞台式机吃鸡游戏显卡 RTX金属大师FG,胖虫官方旗舰店
3099.00,2022-10-06,梅捷（SOYO）SY-GeForce RTX 3060 Ti 焱龙 8G  电竞游戏/设计/光追/人工智能/深度学习 电脑独立显卡,梅捷（SOYO）京东自营旗舰店
3589.00,2022-10-06,影驰RTX 3060 Ti系列 N卡nvidia芯片电竞台式机吃鸡游戏显卡 RTXTi星曜 FG 白色版,胖虫官方旗舰店
8299.00,2022-10-06,宏碁（acer） 暗影骑士·擎笔记本电脑 15.6英寸电竞屏512G硬盘高色域游戏本独立显卡 新i5-12500H|RTX 3060 |6G独显,宏碁电脑京东自营旗舰店
3489.00,2022-10-06,影驰RTX 3060 Ti系列 N卡nvidia芯片电竞台式机吃鸡游戏显卡 RTXTi金属大师 FG,胖虫官方旗舰店
8299.00,2022-10-06,联想笔记本电脑 拯救者R7000P  15.6英寸高性能电竞游戏本(标压 8核 R7-5800H 16G 512G RTX 3060 165Hz高刷),联想京东自营旗舰店
3199.00,2022-10-06,微星（MSI） RTX2060 3060 Ti魔龙万图师电竞游戏专业设计直播台式电脑独立显卡 RTX魔龙Z TRIO 12G LHR,微星电脑硬件旗舰店
2999.00,2022-10-06,微星（MSI） RTX2060 3060 Ti魔龙万图师电竞游戏专业设计直播台式电脑独立显卡 RTX万图师2X OC 12G LHR,微星电脑硬件旗舰店
3149.00,2022-10-06,镭风（Colorfire）GeForce RTX 3060 Ti 元气 OC LHR 8G 1665Mhz电竞游戏独立显卡（七彩虹旗下子品牌）,镭风（Colorfire）京东自营旗舰店
8869.00,2022-10-06,华硕天选3 第12代酷睿i7 高颜值高性能电竞高端游戏本笔记本电脑 【热推】日蚀灰i7-12700H RTX 3060 16G内存 512G高速固态  2.5K 165Hz 100%P3色域,华硕电脑官方旗舰店
2499.00,2022-10-06,电竞叛客 AX 台式机电脑独立显卡RTX 3060 3070  N卡 电竞吃鸡游戏显卡独显 图形运算 RTXX2W 12G LHR,电竞叛客旗舰店
7199.00,2022-10-06,宏碁（acer） 【12代新款】宏基游戏本暗影骑士·擎 3060 满血版高性能学生吃鸡网课笔记本电脑 12代丨i5-12500H 满血RTX3050Ti 官方版：16G内存+512G高速固态,宏碁Acer硕和专卖店
3649.00,2022-10-06,映众（Inno3D）RTX 3060 Ti 冰龙超级版LHR 8GB GDDR6 显卡/台式机/游戏/电竞/绘图/设计/AI/独立显卡,映众京东自营旗舰店
2989.00,2022-10-06,影驰 RTX 3060 系列 N卡nvidia芯片电竞台式机吃鸡游戏显卡 RTX星曜FG,胖虫官方旗舰店
4199.00,2022-10-06,神舟（Hasee)战神 二手笔记本 15.6英寸高色域吃鸡独显游戏笔记本电脑 i5-10200 16G 512G RTX 3060 95成新,优选二手电脑专营店
8299.00,2022-10-06,【爆卖2W+】宏碁暗影骑士擎Pro，京东好店强烈推荐 3060 ,宏碁蓝星专卖店
1699.00,2022-10-06,华硕微星影驰RTX 3060 3070 3080 3090无锁永劫无游戏设计专业显卡 二手显卡95新 技嘉RTX12G,乐豪二手电脑配件专营店
1699.00,2022-10-06,华硕微星索泰 影驰七彩虹RTX 3060 TI电竞游戏设计专业独立永劫无间LHR显卡二手显卡 微星RTX-12G魔龙GAMING 95新,晶瑞二手电脑专营店
2599.00,2022-10-06,电竞叛客 AX 台式机电脑独立显卡RTX 3060 12G 图形设计专业运算独显 电竞吃鸡游戏光追显卡 RTXX3 W LHR,电竞叛客旗舰店
2499.00,2022-10-06,耕升（GAINWARD） RTX 3060 /TI 电脑游戏独立显卡 RTXDUG,耕升旗舰店
3299.00,2022-10-06,七彩虹（Colorful） iGame RTX 3060 Ti 白色/火神 OC 8G电竞游戏显卡 RTXTi DUO V2 战斧LHR 【电竞玩家】,邻竞官方旗舰店
2999.00,2022-10-06,技嘉（GIGABYTE） RTX 3060 显卡/12G电竞游戏独立电脑显卡 RTX魔鹰OC 12G 2.0【锁算力】,瑞达中腾官方旗舰店
3599.00,2022-10-06,铭瑄（MAXSUN） RTX 3060 TI电竞之心8G三风扇高端台式直播电脑游戏全新独立超频显卡 RTXTi iCraft 8G,铭瑄电脑配件京东自营旗舰店
2599.00,2022-10-06,电竞叛客 AX 台式机电脑独立显卡RTX 3060 3070  N卡 电竞吃鸡游戏显卡独显 图形运算 RTXX3 W LHR,电竞叛客旗舰店
3149.00,2022-10-06,铭瑄 (MAXSUN) MS-GeForce RTX 3060 Ti 终结者 8G GDDR6  电脑游戏/电竞/光追/人工智能/深度学习 显卡,铭瑄京东自营旗舰店
3069.00,2022-10-06,盈通（yeston）GeForce RTX 3060 Ti  8G D6 六道兵甲 光追电竞游戏显卡,盈通显卡京东自营旗舰店
3599.00,2022-10-06,铭瑄（MAXSUN） RTX 3060 TI iCraft电竞之心8G电脑电竞游戏独立台式显卡独显TI电竞之心OC8G瑷珈限定,铭瑄官方旗舰店
8499.00,2022-10-06,惠普（HP） 光影精灵8代【2022 3060 】12代酷睿游戏笔记本16.1英寸暗影暗夜学生电竞版 i5-12500H十二核【6G】电竞屏 标配：16G内存/512G固态 16.1英寸 黑色机身,惠普电脑授权专卖店
3999.00,2022-10-06,七彩虹（Colorful） RTX 3060 Ti系列RTXTi电竞游戏电脑显卡 RTXTi Vulcan火神OC LHR,瑞达中腾官方旗舰店
3349.00,2022-10-06,镭风（Colorfire） RTX 3060 元气OCti清凉薄荷OC台式电脑电竞游戏显卡 RTXTI 元气OC L,Colorfire旗舰店
3799.00,2022-10-06,七彩虹（Colorful） RTX 3060 Ti系列RTXTi电竞游戏电脑显卡 RTXTi AD OC 8G LHR,瑞达中腾官方旗舰店
2899.00,2022-10-06,七彩虹（Colorful） RTX 3060 Ti 火神 Ultra W白 永劫无间游戏电竞显卡 【-12G】Ultra W OC 支持个人送保,七彩虹汇涓海专卖店
2799.00,2022-10-06,七彩虹（Colorful） RTX 3060 /Ti Mini Ultra 白色 OC 超频电竞游戏显卡 RTXUltra W OC 12G L 【支持个人送保】,邻竞官方旗舰店
10999.00,2022-10-06,机械师曙光15 144Hz高端游戏本12代酷睿i9-12900H RTX 3060 独显笔记本电脑 尊享版64G/512G PCIE高速固态+2TB,MACHENIKE机械师旗舰店
6199.00,2022-10-06,玩家战神 RTX 3060 笔记本电脑游戏本12代酷睿独显i7满血版高端轻薄本高性能大屏电竞学生力荐 10代酷睿i5/RTX满血/144Hz高刷 16G内存/1024G PCI-E固态硬盘,玩家战神笔记本官方旗舰店
2799.00,2022-10-06,镭风（Colorfire） RTX 3060 元气OCti清凉薄荷OC台式电脑电竞游戏显卡 RTX清凉薄荷 OC L,Colorfire旗舰店
6599.00,2022-10-06,机械革命（MECHREVO） 蛟龙5游戏本 全新锐龙八核R7 满血 3060 高刷新笔记本电脑 R5-5600H//144Hz高刷屏 高性价比：8G/512G PCIE,机械革命栋雄专卖店
2349.00,2022-10-06,技嘉（GIGABYTE） RTX2060/3050/ 3060 12G/6G/8G显卡台式电脑游戏独显 2060 D6 6G+550W电源,技嘉旗舰店
2999.00,2022-10-06,铭瑄（MAXSUN） RTX 3060 TI iCraft电竞之心8G电脑电竞游戏独立台式显卡独显TI终结者8G,铭瑄官方旗舰店
3789.00,2022-10-06,影驰RTX 3060 Ti系列 N卡nvidia芯片电竞台式机吃鸡游戏显卡Ti金属大师FG+700W金牌全模组,胖虫官方旗舰店
2949.00,2022-10-06,七彩虹（Colorful） RTX 3060 Ti 火神 Ultra W白 永劫无间游戏电竞显卡 【-12G】AD OC 支持个人送保,七彩虹汇涓海专卖店
2399.00,2022-10-06,电竞叛客 AX RTX 3060 /TI N卡 电竞专业游戏独立显卡 图形图像编辑 RTXX2 W LHR,腾飞电脑配件专营店
2599.00,2022-10-06,影驰 RTX 3060 显卡RTXTi高端台式机电脑电竞游戏吃鸡独立显卡RTX3070光线追踪 RTX金属大师MAX OC  FG,台通电脑DIY专营店
2999.00,2022-10-06,电竞叛客 AX RTX 3060 TI 台式机独立显卡 吃鸡电竞专业发烧游戏电脑显卡独显 图形设计运算 RTXTi X2 W LHR,电竞叛客旗舰店
2499.00,2022-10-06,电竞叛客 AX 台式机电脑独立显卡RTX 3060 12G 图形设计专业运算独显 电竞吃鸡游戏光追显卡 RTXX2 W LHR,电竞叛客旗舰店
6999.00,2022-10-06,机械革命极光Air Z3PRO进阶版 3060 笔记本电脑 高性能电竞轻薄学生设计办公游戏本 12代I5|RTX|独显直连|144HZ 游戏全能:16G|512GPCIE,机械革命旗舰店
8599.00,2022-10-06,惠普（HP） 光影精灵8Pro 16.1英寸轻薄游戏暗影精灵144Hz12代酷睿ddr5笔记本电脑 【新12代i7】RTX 3060 +144Hz,惠普中国京东自营官方旗舰店
6599.00,2022-10-06,神舟(HASEE)战神Z8-DA5NS 新12代i5-12450H RTX 3060 15.6英寸游戏笔记本电脑(16G 512G 144Hz IPS),神舟电脑京东自营旗舰店
3399.00,2022-10-06,技嘉雪鹰 GIGABYTE GeForce RTX 3060 Ti VISION OC 8G LHR竞游戏设计智能学习电脑独立显卡,技嘉京东自营官方旗舰店
2949.00,2022-10-06,七彩虹（Colorful） iGame RTX3050 3060 ti OC AD 8G电竞游戏显卡 战斧RTX12G 豪华版L 显卡,七彩虹旗舰店
5799.00,2022-10-06,玩家战神 RTX 3060 笔记本电脑游戏本12代酷睿独显i7满血版高端轻薄本高性能大屏电竞学生力荐 10代酷睿i5/RTX满血/144Hz高刷 16G内存/512G PCI-E固态硬盘,玩家战神笔记本官方旗舰店
3099.00,2022-10-06,影驰 RTX 3060 高端台式机电脑电竞游戏吃鸡独立显卡 RTXTI金属大师OC FG,奥都数码专营店
3499.00,2022-10-06,技嘉小雕 GIGABYTE AORUS GeForce RTX 3060 Ti ELITE 8G LHR竞游戏设计智能学习电脑独立显卡,技嘉京东自营官方旗舰店
7599.00,2022-10-06,七彩虹（Colorful） 将星X15AT 12代酷睿 3060 满血15.6英寸电竞游戏笔记本电脑 少量现货：i7-12700H/RTX/灰色 16G/512GPCIe固态/官方标配,七彩虹游戏本旗舰店
2789.00,2022-10-06,华硕（ASUS） TUF/猛禽 RTX 3060 -O12G/RTXTI-O8G电竞游戏独立显卡 TUF-RTX-O12G-V2电竞特工 全国联保 官方质保,东扬电脑配件专营店
3199.00,2022-10-06,镭风（Colorfire） GeForce RTX 3060 Ti 清凉薄荷 OC LHR 8G 1665Mhz电竞游戏独立显卡（七彩虹旗下子品牌）,镭风（Colorfire）京东自营旗舰店
2849.00,2022-10-06,索泰（ZOTAC） RTX 3060 /RTXTi 天启OC 电竞游戏吃鸡显卡台式机独立显卡 RTX天启 GOC-X 12G升PGF,瑞达中腾官方旗舰店
7799.00,2022-10-06,雷神（ThundeRobot） 911MT暗杀星4[ 3060 可选]酷睿i7-12700H游戏笔记本 i7/16G/512G/RTX3050,Thunderobot雷神旗舰店
2599.00,2022-10-06,影驰 RTX 3060 显卡RTXTi高端台式机电脑电竞游戏吃鸡独立显卡RTX3070光线追踪 RTX星曜 MAX OC永劫版FG,台通电脑DIY专营店
7999.00,2022-10-06,攀升（IPASON） 战神 12代酷睿i7/ 3060 Ti 游戏电竞台式电脑主机组装整机【2022款】 12700F 16G 512G RTXti,攀升京东自营旗舰店
6099.00,2022-10-06,神舟(HASEE)战神Z8-TA5NS 新11代酷睿i5-11260H RTX 3060 6G 15.6英寸144Hz游戏笔记本电脑(16G 512G SSD IPS),神舟电脑京东自营旗舰店
7999.00,2022-10-06,华硕天选3 锐龙版15.6英寸游戏本笔记本电脑(R7-6800H 16G 512G RTX 3060 144Hz 100%sRGB高色域电竞屏)灰,华硕京东自营官方旗舰店
5999.00,2022-10-06,神舟（HASEE） 战神Z7M/Z7/Z8/T8系列 游戏笔记本电脑IPS电竞屏商务办公学生手提电脑 Z8-电竞版 i5/16G/512G/ 3060 独立显卡,神舟乐鼎专卖店
11299.00,2022-10-06,联想（Lenovo） 拯救者Y9000P2022电竞游戏笔记本电脑12代酷睿i7-12700H十四核 32G 512G 满血RTX 3060 升级版 16英寸专业电竞屏｜2.5K超清｜165Hz高刷,联想西南授权专卖店
7099.00,2022-10-06,七彩虹(Colorful)将星X15-AT 15.6英寸游戏笔记本电脑(i7-12700H RTX 3060 16G 512G 144Hz 高色域屏 苍珀蓝),七彩虹（Colorful）电脑官方京东自营旗舰店
3599.00,2022-10-06,七彩虹（Colorful） iGame RTX3050 3060 ti OC AD 8G电竞游戏显卡 战斧 RTXTi DUO V2 L 显卡,七彩虹旗舰店
3499.00,2022-10-06,铭瑄（MAXSUN） RTX 3060 TI iCraft电竞之心8G电脑电竞游戏独立台式显卡独显Ti电竞之心iCraft OC8G,铭瑄官方旗舰店
5499.00,2022-10-06,铭瑄（MAXSUN）MS-GeForce RTX 3060 Ti iCraft OC 8G 瑷珈限定 赛博朋克2077游戏/光追电脑显卡/二次元,铭瑄京东自营旗舰店
7199.00,2022-10-06,华硕玩家国度(ROG)二手笔记本电脑15.6英寸17.3英寸电竞游戏本 99新魔霸新锐R9-5900HX RTX 3060 16G内存+512G固态,九一优品二手电脑专营店
8299.00,2022-10-06,小米 Redmi G Pro 16英寸 游戏笔记本电脑(12代酷睿i7 16G 512G RTX 3060 2.5K 240Hz电竞屏 支持独显直连),小米京东自营旗舰店
4299.00,2022-10-06,影驰（Galaxy）GeForce RTX 3060 Ti 黑将 OC[FG] N卡/电竞专业游戏显卡,影驰京东自营旗舰店
3229.00,2022-10-06,华硕（ASUS） TUF/猛禽 RTX 3060 -O12G/RTXTI-O8G电竞游戏独立显卡 ATS-RTXTI-O8G-V2巨齿鲨 全国联保 官方质保,东扬电脑配件专营店
7999.00,2022-10-06,宏碁 暗影骑士·擎Pro 15.6英寸165Hz游戏笔记本电脑 DDS独显直连2.0(12代i5-12500H 16G-DDR5 512G RTX 3060 ),宏碁京东自营旗舰店
3599.00,2022-10-06,七彩虹（Colorful）iGame GeForce RTX 3060 Ti Advanced OC 8G LHR 1800MHz 电竞游戏光追电脑显卡,七彩虹京东自营旗舰店
8499.00,2022-10-06,宏碁（acer） 暗影骑士·擎笔记本电脑 15.6英寸电竞屏512G硬盘高色域游戏本独立显卡 新i5-12500H|RTX 3060 |DDR5,宏碁电脑京东自营旗舰店
6999.00,2022-10-06,华硕（ASUS） 天选2 AMD新锐龙八核15.6英寸游戏笔记本电脑IPS电竞屏吃鸡学生手提 3060 青丨R7-5800H丨丨240Hz 16G内存丨512G固态,华硕儒硕专卖店
10599.00,2022-10-06,联想拯救者Y9000P 2022 16英寸游戏笔记本电脑(12代 i9-12900H 16G 512G RTX 3060 2.5k 165Hz高色域)冰魄白,联想京东自营旗舰店
3959.00,2022-10-06,神舟（Hasee)战神笔记本电脑二手游戏本15.6英寸吃鸡设计i7独显6G学生轻薄本144HZ电竞屏 99新i5-10200 16G旗舰级RTX 3060 ,呱子二手笔记本电脑专营店
2499.00,2022-10-06,昂达（ONDA） RTX 3060 神盾系列显卡 电竞游戏专业设计直播电脑独立显卡 【RTX】神盾 12G,卡姆利旗舰店
3799.00,2022-10-06,七彩虹（Colorful） iGame RTX3050 3060 ti OC AD 8G电竞游戏显卡 RTXTi Advanced OC LHR 显卡,七彩虹旗舰店
2599.00,2022-10-06,铭瑄（MAXSUN） RTX 3060 电竞之心OC 12G超频版游戏显卡赛博朋克2077高性能独立显卡 铭瑄Big Mac 12G,铭瑄官方旗舰店
8399.00,2022-10-06,华硕天选3 锐龙版15.6英寸八核处理器高色域电竞游戏本学生吃鸡办公轻薄手提笔记本电脑 灰 R7-6800H |RTX 3060 144Hz 官方标配 16G内存+512G固态,华硕蓝色基点专卖店
4999.00,2022-10-06,影驰（Galaxy）GeForce RTX 3060 Ti GAMER OC[FG] 电竞专业游戏显卡,影驰京东自营旗舰店
15.00,2022-10-06,华幻显卡欺骗器 虚拟显示器DP假负载DVI 4K游戏远程挂机 3060 华幻 HDMI虚拟器，金色带灯,婉清旗舰店
1699.00,2022-10-06,华硕技嘉微星七彩虹RTX 3060 TI-8G-12GLHR台式机组装机专业设计游戏95新二手显卡 华硕RTXTUF 95新,发烧DIY 二手电脑专营店
1549.00,2022-10-06,华硕七彩虹影驰技嘉 拆机英伟达RTX 3060 Ti 无锁吃鸡游设计专业显卡 畅爽体验二手显卡 随机速发95新,腾卓二手电脑专营店
2799.00,2022-10-06,七彩虹（Colorful） iGame GeForce RTX 3060 电竞游戏光追电脑独立显卡Ultra W OC LHR 锁算力,华之硕电脑专营店
8999.00,2022-10-06,惠普(HP)暗影精灵8Pro 16.1英寸游戏笔记本电脑(12代酷睿i7-12700H RTX 3060 6G独显 16GDDR5 512G 144Hz),惠普（HP）OMEN暗影精灵京东自营旗舰店
3399.00,2022-10-06,微星（MSI） RTX2060 3060 Ti魔龙万图师电竞游戏专业设计直播台式电脑独立显卡 RTX魔龙Z TRIO+650W电源,微星电脑硬件旗舰店
3489.00,2022-10-06,华硕（ASUS） ASUS华硕ROG-RTX3070TI\/ 3060 TI电竞游戏专业电脑独立显卡 TUF-RTXTI-O8G-V2,华硕极客盟专卖店
6298.00,2022-10-06,阿玛塔 10代i7/32G/1TB/RTX 3060 高配组装电脑主机高端台式机直播吃鸡游戏台式电脑 配置四 i7八核10875//32G/1T,阿玛塔电脑旗舰店
5688.00,2022-10-06,神舟（HASEE） 战神G8/S9/Z8系列 2060& 3060 3070十二代满血大屏游戏本笔记本 (12代/11代)i7/i9或i5 Z8-CA5电竞版 i516+512G,神舟琪至专卖店
2899.00,2022-10-06,华硕（ASUS） TUF-RTX 3060 -V2-12G-GAMING系列 电竞游戏显卡 TUF-RTX-O12G-V2,华硕(ASUS) 华之硕专卖店
8399.00,2022-10-06,华硕（ASUS） 华硕天选3 锐龙版15.6英寸游戏本笔记本电脑学生办公电竞手提本 青R7-6800H RTX 3060 144Hz 16G内存  512G固态,华硕金硕专卖店
2399.00,2022-10-06,影驰 RTX 3060 12G 星曜OC 永劫无间版 金属大师 大将电脑游戏显卡 RTX骁将 【FG】 锁矿 单显卡,影惢堂官方旗舰店
2499.00,2022-10-06,铭瑄（MAXSUN） RTX 3060 Ti iCraft 电竞之心/电竞游戏 4k高清独立显卡 铭瑄RTX电竞之心 OC12G S1,亿捷电脑配件专营店
1799.00,2022-10-06,华硕微星影驰RTX 3060 3070 3080 3090无锁永劫无游戏设计专业显卡 二手显卡95新 华硕RTXTUF 12G,乐豪二手电脑配件专营店
6799.00,2022-10-06,机械革命（MECHREVO） 蛟龙5 锐龙标压15.6英寸轻薄本 3060 满血电竞游戏笔记本电脑 R5-5600H/满血直连/144Hz高刷 官方标配：16G/512G PCIE高速固态,机械革命授权专卖店
1799.00,2022-10-06,耕升（GAINWARD） RTX 3060 12G拆机/样品显卡电脑台式机GPU显示适配器组装机显卡 RTX3050 8G,创亿宏业办公专营店
7599.00,2022-10-06,七彩虹（Colorful） 将星X15AT 12代酷睿 3060 满血15.6英寸电竞游戏笔记本电脑 少量现货：i7-12700H/RTX/灰色 16G/512GPCIe固态/官方标配,七彩虹游戏本旗舰店
